Gene ID,Gene Symbol,Cluster,AUC,F,F.adjp,MeanExp.CD8-C1-LEF1,MeanExp.CD8-C2-CD28,MeanExp.CD8-C3-CX3CR1,MeanExp.CD8-C4-GZMK,MeanExp.CD8-C5-ZNF683,MeanExp.CD8-C6-LAYN,MeanExp.CD8-C7-SLC4A10
1236,CCR7,CD8-C1-LEF1,0.91 ,365.66 ,0.00E+00,4.97 ,-0.27 ,-2.83 ,-1.20 ,-1.49 ,-3.24 ,-2.06 
6402,SELL,CD8-C1-LEF1,0.90 ,274.97 ,1.96E-290,4.29 ,0.05 ,-2.31 ,-2.94 ,-2.79 ,-3.24 ,-3.16 
51176,LEF1,CD8-C1-LEF1,0.89 ,323.80 ,0.00E+00,4.02 ,-0.77 ,-1.95 ,-2.43 ,-1.45 ,-2.22 ,-2.09 
6932,TCF7,CD8-C1-LEF1,0.86 ,209.89 ,2.01E-229,3.60 ,1.11 ,-1.33 ,-1.06 ,-1.32 ,-1.94 ,-0.50 
6137,RPL13,CD8-C1-LEF1,0.84 ,110.14 ,2.08E-126,1.11 ,0.42 ,-0.25 ,-0.42 ,-0.50 ,-1.10 ,0.14 
6194,RPS6,CD8-C1-LEF1,0.84 ,86.89 ,1.65E-100,1.17 ,0.39 ,-0.03 ,-0.55 ,-0.66 ,-1.13 ,-0.01 
7294,TXK,CD8-C1-LEF1,0.84 ,203.69 ,2.24E-223,3.45 ,0.29 ,-1.48 ,-1.81 ,-1.00 ,-1.32 ,0.30 
6124,RPL4,CD8-C1-LEF1,0.82 ,44.56 ,1.74E-51,1.63 ,0.29 ,-0.41 ,-1.17 ,-0.70 ,-0.77 ,0.29 
3945,LDHB,CD8-C1-LEF1,0.81 ,62.08 ,4.32E-72,2.55 ,-0.18 ,-1.68 ,-1.70 ,-0.89 ,-0.17 ,-1.01 
51070,NOSIP,CD8-C1-LEF1,0.81 ,94.19 ,9.93E-109,3.17 ,0.15 ,-0.69 ,-1.79 ,-1.19 ,-1.09 ,-1.13 
6122,RPL3,CD8-C1-LEF1,0.81 ,95.61 ,2.53E-110,1.07 ,0.47 ,0.29 ,-0.46 ,-0.76 ,-1.25 ,0.30 
1937,EEF1G,CD8-C1-LEF1,0.80 ,57.45 ,1.11E-66,1.41 ,0.36 ,-0.23 ,-1.04 ,-0.98 ,-1.34 ,0.38 
6161,RPL32,CD8-C1-LEF1,0.79 ,76.80 ,4.58E-89,1.35 ,0.52 ,-0.25 ,-0.85 ,-0.53 ,-1.17 ,-0.11 
1915,EEF1A1,CD8-C1-LEF1,0.79 ,86.88 ,1.65E-100,0.80 ,0.29 ,-0.05 ,-0.30 ,-0.50 ,-0.94 ,0.16 
6125,RPL5,CD8-C1-LEF1,0.78 ,56.74 ,7.58E-66,1.43 ,0.68 ,0.03 ,-1.06 ,-0.80 ,-1.18 ,0.43 
26119,LDLRAP1,CD8-C1-LEF1,0.78 ,100.78 ,4.32E-116,3.08 ,0.43 ,-0.93 ,-0.96 ,-1.06 ,-1.46 ,-1.00 
6143,RPL19,CD8-C1-LEF1,0.78 ,52.45 ,8.30E-61,1.03 ,0.29 ,-0.06 ,-0.55 ,-0.53 ,-0.77 ,0.01 
256987,SERINC5,CD8-C1-LEF1,0.78 ,126.53 ,3.19E-144,2.75 ,-0.42 ,-1.94 ,-2.06 ,-0.50 ,-1.14 ,-1.24 
125144,LRRC75A-AS1,CD8-C1-LEF1,0.78 ,54.55 ,2.82E-63,2.45 ,0.08 ,-0.75 ,-1.27 ,-1.02 ,-0.58 ,-0.11 
6191,RPS4X,CD8-C1-LEF1,0.78 ,45.13 ,3.68E-52,1.24 ,0.26 ,0.04 ,-0.97 ,-0.46 ,-0.89 ,0.42 
4609,MYC,CD8-C1-LEF1,0.77 ,181.29 ,3.67E-201,3.12 ,0.73 ,-1.31 ,-1.13 ,-0.93 ,-1.18 ,0.18 
6135,RPL11,CD8-C1-LEF1,0.77 ,51.00 ,4.19E-59,1.08 ,0.29 ,-0.20 ,-1.00 ,-0.62 ,-1.04 ,-0.29 
6207,RPS13,CD8-C1-LEF1,0.77 ,47.40 ,7.55E-55,1.28 ,0.40 ,-0.22 ,-0.75 ,-0.66 ,-0.82 ,-0.10 
6160,RPL31,CD8-C1-LEF1,0.77 ,68.10 ,4.49E-79,1.16 ,0.30 ,-0.13 ,-0.53 ,-0.58 ,-0.94 ,-0.08 
6222,RPS18,CD8-C1-LEF1,0.77 ,80.23 ,5.56E-93,1.11 ,0.61 ,-0.06 ,-0.60 ,-0.52 ,-1.04 ,-0.13 
1933,EEF1B2,CD8-C1-LEF1,0.76 ,42.63 ,3.38E-49,1.89 ,0.06 ,-0.30 ,-0.83 ,-0.69 ,-0.95 ,0.19 
6164,RPL34,CD8-C1-LEF1,0.76 ,82.76 ,7.52E-96,1.14 ,0.48 ,-0.08 ,-0.64 ,-0.59 ,-1.13 ,-0.36 
439949,PRKCQ-AS1,CD8-C1-LEF1,0.76 ,90.31 ,2.35E-104,2.60 ,-0.57 ,-0.98 ,-1.68 ,-0.44 ,-0.85 ,-1.13 
6206,RPS12,CD8-C1-LEF1,0.76 ,66.01 ,1.19E-76,1.37 ,0.70 ,-0.05 ,-0.56 ,-0.46 ,-1.18 ,0.04 
6208,RPS14,CD8-C1-LEF1,0.76 ,92.16 ,1.90E-106,1.00 ,0.46 ,0.03 ,-0.36 ,-0.60 ,-1.09 ,-0.24 
594839,SNORA33,CD8-C1-LEF1,0.76 ,65.57 ,3.85E-76,1.36 ,0.69 ,-0.05 ,-0.55 ,-0.44 ,-1.15 ,0.05 
9750,RIPOR2,CD8-C1-LEF1,0.76 ,191.28 ,3.83E-211,2.56 ,1.09 ,1.35 ,-1.45 ,-1.90 ,-2.88 ,-1.03 
6228,RPS23,CD8-C1-LEF1,0.76 ,54.11 ,9.30E-63,1.40 ,0.51 ,-0.16 ,-0.58 ,-0.58 ,-1.03 ,0.05 
6193,RPS5,CD8-C1-LEF1,0.76 ,36.00 ,2.73E-41,1.80 ,0.20 ,-0.32 ,-1.19 ,-0.63 ,-0.75 ,0.05 
388341,LRRC75A,CD8-C1-LEF1,0.76 ,54.61 ,2.40E-63,1.42 ,-0.03 ,-0.43 ,-0.68 ,-0.50 ,-0.40 ,-0.06 
9045,RPL14,CD8-C1-LEF1,0.76 ,50.25 ,3.27E-58,1.28 ,0.35 ,0.10 ,-0.84 ,-0.49 ,-1.08 ,0.13 
6141,RPL18,CD8-C1-LEF1,0.76 ,45.87 ,4.93E-53,1.15 ,0.50 ,-0.20 ,-0.89 ,-0.62 ,-0.75 ,-0.23 
129293,TRABD2A,CD8-C1-LEF1,0.76 ,150.06 ,3.52E-169,2.47 ,-0.18 ,-0.71 ,-1.20 ,-0.90 ,-1.09 ,-0.49 
6175,RPLP0,CD8-C1-LEF1,0.76 ,43.04 ,1.10E-49,1.33 ,0.44 ,-0.47 ,-0.91 ,-0.63 ,-1.06 ,0.98 
114908,TMEM123,CD8-C1-LEF1,0.76 ,65.46 ,5.10E-76,2.34 ,-0.54 ,-1.91 ,-1.99 ,-0.23 ,-0.86 ,0.03 
6203,RPS9,CD8-C1-LEF1,0.76 ,37.08 ,1.38E-42,1.41 ,0.28 ,-0.16 ,-0.78 ,-0.58 ,-0.79 ,0.56 
23521,RPL13A,CD8-C1-LEF1,0.75 ,80.03 ,9.38E-93,1.08 ,0.56 ,0.18 ,-0.25 ,-0.86 ,-1.17 ,-0.12 
26986,PABPC1,CD8-C1-LEF1,0.75 ,38.37 ,3.97E-44,1.46 ,0.19 ,-0.53 ,-1.15 ,-0.81 ,-0.81 ,0.15 
3983,ABLIM1,CD8-C1-LEF1,0.75 ,68.69 ,9.47E-80,2.94 ,0.07 ,-1.45 ,-0.66 ,-0.02 ,-0.23 ,0.59 
6188,RPS3,CD8-C1-LEF1,0.75 ,79.59 ,2.97E-92,0.78 ,0.43 ,0.22 ,-0.19 ,-0.47 ,-0.97 ,0.18 
4118,MAL,CD8-C1-LEF1,0.75 ,260.74 ,1.81E-277,1.91 ,-1.12 ,-1.39 ,-1.70 ,-1.29 ,-1.44 ,-1.51 
7178,TPT1,CD8-C1-LEF1,0.75 ,46.18 ,2.09E-53,1.00 ,0.15 ,-0.41 ,-1.52 ,-0.23 ,-0.74 ,0.40 
6181,RPLP2,CD8-C1-LEF1,0.75 ,67.28 ,4.08E-78,1.16 ,0.51 ,-0.13 ,-0.35 ,-0.45 ,-1.09 ,-0.24 
4736,RPL10A,CD8-C1-LEF1,0.75 ,31.50 ,6.65E-36,1.31 ,0.19 ,-0.25 ,-0.90 ,-0.38 ,-0.71 ,0.50 
1606,DGKA,CD8-C1-LEF1,0.74 ,62.83 ,5.73E-73,1.78 ,0.10 ,-2.50 ,-1.38 ,-1.36 ,-1.12 ,-1.27 
6136,RPL12,CD8-C1-LEF1,0.74 ,37.00 ,1.74E-42,1.24 ,0.27 ,-0.27 ,-0.81 ,-0.47 ,-0.34 ,0.01 
6176,RPLP1,CD8-C1-LEF1,0.74 ,47.95 ,1.69E-55,0.81 ,0.13 ,-0.72 ,-0.52 ,-0.22 ,-0.60 ,-0.02 
644068,RPS14P3,CD8-C1-LEF1,0.74 ,64.03 ,2.27E-74,0.92 ,0.47 ,-0.05 ,-0.38 ,-0.47 ,-0.95 ,-0.41 
6224,RPS20,CD8-C1-LEF1,0.73 ,43.27 ,5.85E-50,1.11 ,0.19 ,-0.08 ,-0.48 ,-0.64 ,-0.97 ,-0.15 
6156,RPL30,CD8-C1-LEF1,0.73 ,51.01 ,4.07E-59,1.02 ,0.38 ,-0.11 ,-0.37 ,-0.46 ,-0.99 ,-0.08 
6189,RPS3A,CD8-C1-LEF1,0.73 ,45.42 ,1.66E-52,1.12 ,0.41 ,0.06 ,-0.49 ,-0.45 ,-0.75 ,0.09 
6134,RPL10,CD8-C1-LEF1,0.73 ,42.78 ,2.26E-49,0.80 ,0.31 ,-0.11 ,-0.25 ,-0.37 ,-0.76 ,0.09 
6132,RPL8,CD8-C1-LEF1,0.73 ,23.65 ,1.75E-26,0.76 ,0.24 ,-0.33 ,-0.80 ,-0.48 ,-0.58 ,0.19 
4869,NPM1,CD8-C1-LEF1,0.73 ,35.45 ,1.24E-40,1.69 ,-0.21 ,-0.63 ,-1.15 ,-0.72 ,0.37 ,0.26 
6167,RPL37,CD8-C1-LEF1,0.73 ,49.85 ,9.87E-58,1.08 ,0.37 ,-0.10 ,-0.57 ,-0.54 ,-0.83 ,-0.31 
6223,RPS19,CD8-C1-LEF1,0.72 ,49.25 ,4.89E-57,0.85 ,0.16 ,0.00 ,-0.68 ,-0.35 ,-0.60 ,-0.20 
25873,RPL36,CD8-C1-LEF1,0.72 ,44.21 ,4.58E-51,0.95 ,0.36 ,-0.30 ,-0.59 ,-0.56 ,-1.00 ,-0.44 
388524,RPSAP58,CD8-C1-LEF1,0.72 ,34.49 ,1.76E-39,1.11 ,0.20 ,-0.09 ,-0.68 ,-0.54 ,-0.52 ,0.44 
27086,FOXP1,CD8-C1-LEF1,0.72 ,36.45 ,7.91E-42,2.25 ,0.30 ,-0.48 ,-0.33 ,-0.93 ,-1.20 ,-0.82 
6159,RPL29,CD8-C1-LEF1,0.72 ,39.87 ,6.42E-46,1.20 ,0.27 ,-0.10 ,-1.19 ,-0.60 ,-0.65 ,0.12 
6227,RPS21,CD8-C1-LEF1,0.72 ,41.46 ,8.32E-48,1.12 ,0.49 ,-0.20 ,-0.55 ,-0.46 ,-0.73 ,-0.34 
6304,SATB1,CD8-C1-LEF1,0.72 ,85.16 ,1.45E-98,2.42 ,0.29 ,-0.84 ,-0.85 ,-0.79 ,-1.25 ,1.39 
6204,RPS10,CD8-C1-LEF1,0.72 ,42.00 ,1.91E-48,0.94 ,0.46 ,-0.12 ,-0.54 ,-0.49 ,-0.82 ,-0.18 
6230,RPS25,CD8-C1-LEF1,0.72 ,42.95 ,1.40E-49,0.95 ,0.37 ,-0.20 ,-0.32 ,-0.40 ,-0.91 ,-0.38 
4753,NELL2,CD8-C1-LEF1,0.72 ,156.74 ,4.27E-176,3.38 ,1.13 ,-1.28 ,-0.12 ,1.42 ,2.34 ,0.06 
6168,RPL37A,CD8-C1-LEF1,0.72 ,44.03 ,7.54E-51,1.05 ,0.28 ,-0.02 ,-0.65 ,-0.44 ,-0.74 ,-0.12 
6187,RPS2,CD8-C1-LEF1,0.71 ,30.48 ,1.11E-34,0.93 ,0.60 ,-0.06 ,-0.55 ,-0.38 ,-0.54 ,0.41 
6217,RPS16,CD8-C1-LEF1,0.71 ,37.69 ,2.61E-43,1.03 ,0.29 ,-0.15 ,-0.67 ,-0.46 ,-0.93 ,0.12 
6146,RPL22,CD8-C1-LEF1,0.71 ,36.86 ,2.51E-42,1.37 ,0.04 ,-0.47 ,-0.99 ,-0.44 ,-0.78 ,0.06 
1604,CD55,CD8-C1-LEF1,0.71 ,70.43 ,9.56E-82,3.30 ,1.07 ,-0.10 ,-0.74 ,1.20 ,-0.32 ,0.85 
10628,TXNIP,CD8-C1-LEF1,0.71 ,137.02 ,1.99E-155,1.07 ,1.02 ,0.60 ,-0.43 ,-0.47 ,-2.08 ,0.12 
10399,RACK1,CD8-C1-LEF1,0.71 ,34.70 ,9.78E-40,1.19 ,0.70 ,-0.12 ,-1.23 ,-0.89 ,-1.08 ,0.10 
6233,RPS27A,CD8-C1-LEF1,0.71 ,40.92 ,3.64E-47,0.79 ,0.32 ,-0.01 ,-0.39 ,-0.37 ,-0.77 ,-0.16 
100289511,LOC100289511,CD8-C1-LEF1,0.71 ,21.45 ,7.39E-24,1.24 ,0.10 ,-0.29 ,-0.53 ,-0.37 ,-0.32 ,0.01 
6138,RPL15,CD8-C1-LEF1,0.71 ,30.22 ,2.26E-34,0.99 ,0.26 ,0.04 ,-0.52 ,-0.49 ,-0.42 ,0.25 
6128,RPL6,CD8-C1-LEF1,0.71 ,35.32 ,1.75E-40,0.82 ,0.35 ,0.11 ,-0.51 ,-0.40 ,-0.46 ,0.39 
80762,NDFIP1,CD8-C1-LEF1,0.71 ,32.12 ,1.21E-36,1.58 ,-0.74 ,-0.83 ,-1.45 ,-0.66 ,-0.37 ,-0.61 
6235,RPS29,CD8-C1-LEF1,0.71 ,46.17 ,2.14E-53,0.91 ,0.49 ,-0.17 ,-0.20 ,-0.40 ,-0.86 ,-0.27 
9214,FCMR,CD8-C1-LEF1,0.71 ,80.78 ,1.31E-93,1.79 ,1.24 ,-0.20 ,-0.44 ,-2.18 ,-2.22 ,-0.32 
3921,RPSA,CD8-C1-LEF1,0.70 ,25.62 ,7.49E-29,1.14 ,0.07 ,-0.14 ,-0.66 ,-0.46 ,-0.41 ,0.49 
87,ACTN1,CD8-C1-LEF1,0.70 ,252.48 ,7.69E-270,2.53 ,-0.60 ,-0.63 ,-0.89 ,-0.70 ,-0.67 ,-0.79 
113791,PIK3IP1,CD8-C1-LEF1,0.70 ,43.62 ,2.27E-50,1.31 ,-0.55 ,-1.95 ,-1.14 ,-0.14 ,-0.66 ,-0.79 
6202,RPS8,CD8-C1-LEF1,0.70 ,33.09 ,8.14E-38,1.16 ,0.51 ,-0.22 ,-0.87 ,-0.91 ,-0.73 ,-0.26 
6152,RPL24,CD8-C1-LEF1,0.70 ,24.95 ,4.76E-28,0.98 ,0.41 ,-0.32 ,-0.45 ,-0.62 ,-0.56 ,-0.11 
6165,RPL35A,CD8-C1-LEF1,0.70 ,33.27 ,5.02E-38,1.07 ,0.53 ,-0.11 ,-0.39 ,-0.46 ,-0.65 ,0.03 
60674,GAS5,CD8-C1-LEF1,0.70 ,30.73 ,5.55E-35,1.79 ,0.33 ,-0.85 ,-0.59 ,-0.33 ,-0.34 ,-0.08 
117145,THEM4,CD8-C1-LEF1,0.70 ,43.50 ,3.13E-50,0.83 ,-0.18 ,-1.25 ,-1.83 ,-0.74 ,-1.65 ,-1.17 
472,ATM,CD8-C1-LEF1,0.70 ,49.48 ,2.64E-57,2.45 ,0.81 ,0.67 ,0.30 ,-0.76 ,-1.40 ,0.66 
9349,RPL23,CD8-C1-LEF1,0.70 ,27.19 ,9.57E-31,0.96 ,0.14 ,-0.17 ,-0.64 ,-0.39 ,-0.61 ,-0.40 
100529239,RPS10-NUDT3,CD8-C1-LEF1,0.69 ,30.43 ,1.26E-34,0.82 ,0.39 ,-0.14 ,-0.52 ,-0.44 ,-0.75 ,-0.38 
2323,FLT3LG,CD8-C1-LEF1,0.69 ,39.37 ,2.53E-45,0.99 ,0.15 ,-0.71 ,-1.01 ,-0.31 ,-1.05 ,0.48 
6430,SRSF5,CD8-C1-LEF1,0.69 ,16.22 ,1.33E-17,1.34 ,0.01 ,-0.43 ,-0.47 ,-0.34 ,-0.25 ,0.01 
11040,PIM2,CD8-C1-LEF1,0.69 ,27.96 ,1.15E-31,0.77 ,-0.72 ,-1.52 ,-2.21 ,-1.57 ,-1.48 ,-1.16 
100093630,SNHG8,CD8-C1-LEF1,0.69 ,24.25 ,3.30E-27,1.32 ,0.16 ,-0.40 ,-0.39 ,-0.25 ,-0.28 ,0.08 
6157,RPL27A,CD8-C1-LEF1,0.69 ,61.68 ,1.26E-71,0.83 ,0.58 ,0.05 ,0.01 ,-0.48 ,-0.94 ,-0.08 
6169,RPL38,CD8-C1-LEF1,0.69 ,34.46 ,1.91E-39,0.97 ,0.23 ,0.00 ,-0.46 ,-0.41 ,-0.75 ,-0.41 
3572,IL6ST,CD8-C1-LEF1,0.69 ,48.46 ,4.18E-56,1.21 ,-1.96 ,-1.77 ,-1.45 ,-0.48 ,-0.44 ,-1.93 
100506046,GAS5-AS1,CD8-C1-LEF1,0.69 ,31.41 ,8.47E-36,0.99 ,0.15 ,-0.39 ,-0.28 ,-0.20 ,-0.35 ,-0.11 
6229,RPS24,CD8-C1-LEF1,0.69 ,22.26 ,8.06E-25,1.06 ,0.42 ,-0.11 ,-0.37 ,-0.31 ,-0.34 ,-0.07 
6210,RPS15A,CD8-C1-LEF1,0.69 ,28.71 ,1.44E-32,1.05 ,0.53 ,0.00 ,-0.22 ,-0.37 ,-0.56 ,-0.11 
100130231,LINC00861,CD8-C1-LEF1,0.68 ,130.19 ,3.80E-148,1.95 ,1.50 ,1.10 ,0.04 ,-1.47 ,-2.53 ,-0.86 
6170,RPL39,CD8-C1-LEF1,0.68 ,28.99 ,6.66E-33,0.78 ,0.23 ,-0.26 ,-0.48 ,-0.38 ,-0.59 ,-0.27 
6158,RPL28,CD8-C1-LEF1,0.68 ,25.64 ,6.98E-29,1.00 ,0.52 ,-0.39 ,-0.37 ,-0.34 ,-0.70 ,0.19 
51669,SARAF,CD8-C1-LEF1,0.68 ,33.13 ,7.45E-38,0.82 ,0.29 ,-1.18 ,-0.08 ,-0.02 ,-0.68 ,0.15 
6201,RPS7,CD8-C1-LEF1,0.68 ,24.36 ,2.39E-27,0.88 ,0.34 ,-0.03 ,-0.32 ,-0.45 ,-0.53 ,-0.02 
9840,TESPA1,CD8-C1-LEF1,0.68 ,44.55 ,1.80E-51,1.39 ,-0.35 ,-1.22 ,-1.19 ,-0.99 ,-0.32 ,-1.11 
6155,RPL27,CD8-C1-LEF1,0.68 ,28.06 ,8.82E-32,0.95 ,0.34 ,-0.01 ,-0.50 ,-0.43 ,-0.63 ,-0.45 
10235,RASGRP2,CD8-C1-LEF1,0.68 ,108.47 ,1.40E-124,1.63 ,0.42 ,0.75 ,-1.33 ,-1.18 ,-1.44 ,-1.08 
388011,LINC01550,CD8-C1-LEF1,0.68 ,40.97 ,3.13E-47,1.69 ,0.07 ,-0.86 ,-0.18 ,-0.06 ,-0.55 ,0.17 
6205,RPS11,CD8-C1-LEF1,0.67 ,25.55 ,9.09E-29,0.76 ,0.29 ,-0.05 ,-0.46 ,-0.36 ,-0.63 ,-0.38 
6154,RPL26,CD8-C1-LEF1,0.67 ,26.75 ,3.25E-30,0.94 ,0.24 ,0.14 ,-0.49 ,-0.37 ,-0.63 ,-0.22 
168537,GIMAP7,CD8-C1-LEF1,0.67 ,55.05 ,7.26E-64,1.84 ,0.86 ,0.87 ,0.62 ,-0.84 ,-1.18 ,-0.05 
26156,RSL1D1,CD8-C1-LEF1,0.67 ,18.70 ,1.48E-20,1.58 ,-0.24 ,-0.49 ,-0.90 ,-0.42 ,0.01 ,0.41 
92106,OXNAD1,CD8-C1-LEF1,0.67 ,126.82 ,1.56E-144,1.77 ,-0.63 ,-2.18 ,-0.61 ,1.55 ,0.67 ,0.57 
80774,LIMD2,CD8-C1-LEF1,0.67 ,33.95 ,7.72E-39,1.55 ,0.56 ,0.06 ,-0.63 ,-1.14 ,0.36 ,0.54 
6653,SORL1,CD8-C1-LEF1,0.67 ,60.62 ,2.19E-70,1.54 ,0.94 ,0.36 ,-0.66 ,-0.67 ,-2.37 ,0.24 
7311,UBA52,CD8-C1-LEF1,0.67 ,30.01 ,4.05E-34,0.78 ,0.29 ,0.10 ,-0.67 ,-0.50 ,-0.67 ,-0.16 
2197,FAU,CD8-C1-LEF1,0.67 ,20.90 ,3.40E-23,0.77 ,0.26 ,-0.09 ,-0.31 ,-0.33 ,-0.61 ,-0.19 
6209,RPS15,CD8-C1-LEF1,0.67 ,21.83 ,2.58E-24,0.67 ,0.19 ,-0.12 ,-0.34 ,-0.34 ,-0.56 ,-0.31 
5140,PDE3B,CD8-C1-LEF1,0.66 ,26.94 ,1.89E-30,1.67 ,0.63 ,-0.66 ,-0.41 ,-0.01 ,0.20 ,-0.12 
1968,EIF2S3,CD8-C1-LEF1,0.66 ,21.12 ,1.88E-23,1.45 ,-0.07 ,-0.10 ,-1.10 ,-0.63 ,-0.39 ,-0.31 
3646,EIF3E,CD8-C1-LEF1,0.66 ,16.27 ,1.18E-17,1.38 ,0.02 ,-0.40 ,-1.00 ,-0.71 ,-0.52 ,0.02 
6130,RPL7A,CD8-C1-LEF1,0.66 ,19.31 ,2.72E-21,0.95 ,0.56 ,0.06 ,-0.54 ,-0.49 ,-0.55 ,0.58 
11224,RPL35,CD8-C1-LEF1,0.66 ,29.25 ,3.27E-33,0.76 ,0.41 ,-0.04 ,-0.62 ,-0.41 ,-0.74 ,-0.16 
50854,C6orf48,CD8-C1-LEF1,0.66 ,20.02 ,3.85E-22,1.32 ,-0.07 ,-0.82 ,-0.37 ,-0.30 ,-0.17 ,-0.09 
166,AES,CD8-C1-LEF1,0.66 ,82.80 ,6.71E-96,1.57 ,0.17 ,1.19 ,-1.48 ,-1.34 ,-0.77 ,-0.84 
1938,EEF2,CD8-C1-LEF1,0.66 ,24.75 ,8.16E-28,1.23 ,-0.34 ,-0.19 ,-1.42 ,-0.85 ,-1.03 ,-0.22 
6139,RPL17,CD8-C1-LEF1,0.66 ,24.79 ,7.43E-28,0.75 ,0.38 ,-0.13 ,-0.58 ,-0.44 ,-0.87 ,0.12 
6001,RGS10,CD8-C1-LEF1,0.66 ,43.18 ,7.52E-50,1.54 ,-0.27 ,-1.00 ,-0.55 ,0.39 ,0.18 ,-0.64 
145864,HAPLN3,CD8-C1-LEF1,0.66 ,73.57 ,2.27E-85,1.00 ,-0.99 ,-1.43 ,-1.13 ,-0.37 ,0.42 ,-0.56 
128346,C1orf162,CD8-C1-LEF1,0.65 ,52.84 ,2.89E-61,1.72 ,-0.38 ,-0.08 ,-1.13 ,-0.29 ,-1.15 ,-0.88 
3178,HNRNPA1,CD8-C1-LEF1,0.65 ,16.12 ,1.78E-17,0.95 ,0.02 ,-0.16 ,-0.58 ,-0.37 ,-0.04 ,0.19 
641518,LEF1-AS1,CD8-C1-LEF1,0.65 ,88.26 ,4.66E-102,1.14 ,-0.20 ,-0.58 ,-0.74 ,-0.42 ,-0.57 ,-0.50 
5504,PPP1R2,CD8-C1-LEF1,0.65 ,27.08 ,1.30E-30,1.32 ,0.19 ,-1.31 ,-0.07 ,-0.51 ,-0.21 ,-0.33 
9057,SLC7A6,CD8-C1-LEF1,0.65 ,34.27 ,3.21E-39,1.06 ,-0.17 ,-1.44 ,-0.84 ,-0.21 ,0.03 ,0.17 
4666,NACA,CD8-C1-LEF1,0.65 ,17.62 ,2.91E-19,0.97 ,0.28 ,0.09 ,-0.95 ,-0.32 ,-0.01 ,0.07 
5204,PFDN5,CD8-C1-LEF1,0.65 ,15.75 ,4.85E-17,0.99 ,0.15 ,0.07 ,-0.48 ,-0.48 ,-0.37 ,0.17 
79612,NAA16,CD8-C1-LEF1,0.65 ,28.43 ,3.19E-32,1.82 ,0.24 ,-0.04 ,-0.18 ,-0.38 ,-0.19 ,0.09 
114907,FBXO32,CD8-C1-LEF1,0.65 ,15.71 ,5.29E-17,1.29 ,0.71 ,0.06 ,-0.24 ,-0.17 ,-0.46 ,-0.71 
6147,RPL23A,CD8-C1-LEF1,0.65 ,27.89 ,1.38E-31,0.67 ,0.50 ,0.01 ,-0.22 ,-0.43 ,-0.69 ,-0.29 
60468,BACH2,CD8-C1-LEF1,0.65 ,86.58 ,3.57E-100,1.45 ,-0.11 ,-0.44 ,-0.50 ,-0.18 ,-0.31 ,0.04 
6232,RPS27,CD8-C1-LEF1,0.65 ,21.00 ,2.60E-23,0.92 ,0.52 ,-0.29 ,-0.14 ,-0.41 ,-0.74 ,0.23 
5924,RASGRF2,CD8-C1-LEF1,0.65 ,60.28 ,5.43E-70,1.19 ,0.86 ,-0.55 ,-0.47 ,-0.13 ,-0.44 ,-0.18 
3384,ICAM2,CD8-C1-LEF1,0.65 ,69.38 ,1.51E-80,0.83 ,0.64 ,-0.01 ,-1.30 ,-1.66 ,-1.71 ,0.19 
23240,TMEM131L,CD8-C1-LEF1,0.65 ,14.54 ,1.32E-15,1.02 ,-0.66 ,-0.63 ,-0.55 ,-0.74 ,-0.44 ,0.04 
641638,SNHG6,CD8-C1-LEF1,0.64 ,14.60 ,1.12E-15,1.06 ,0.37 ,-0.22 ,-0.33 ,-0.27 ,-0.34 ,-0.42 
814,CAMK4,CD8-C1-LEF1,0.64 ,51.29 ,1.91E-59,1.31 ,0.47 ,-1.51 ,-0.54 ,0.25 ,-0.32 ,0.91 
79161,TMEM243,CD8-C1-LEF1,0.64 ,16.74 ,3.26E-18,1.28 ,-0.23 ,-0.75 ,-0.43 ,-0.34 ,0.03 ,-0.88 
151556,GPR155,CD8-C1-LEF1,0.64 ,30.09 ,3.24E-34,1.30 ,0.24 ,-0.69 ,-0.33 ,0.54 ,-0.39 ,-0.26 
1936,EEF1D,CD8-C1-LEF1,0.64 ,14.33 ,2.35E-15,0.84 ,-0.04 ,0.03 ,-0.86 ,-0.31 ,-0.57 ,0.27 
6480,ST6GAL1,CD8-C1-LEF1,0.64 ,19.31 ,2.74E-21,1.25 ,-0.01 ,0.00 ,-0.91 ,-0.52 ,-0.55 ,-0.25 
23112,TNRC6B,CD8-C1-LEF1,0.64 ,16.14 ,1.68E-17,1.34 ,0.16 ,-0.07 ,-0.54 ,-0.30 ,-0.70 ,0.21 
9725,TMEM63A,CD8-C1-LEF1,0.64 ,29.47 ,1.81E-33,0.81 ,0.75 ,-0.76 ,-0.89 ,-0.95 ,-1.17 ,-0.40 
260294,NSUN5P2,CD8-C1-LEF1,0.64 ,16.51 ,6.04E-18,0.91 ,0.15 ,-0.16 ,-0.46 ,-0.29 ,-0.24 ,-0.07 
6711,SPTBN1,CD8-C1-LEF1,0.64 ,17.34 ,6.24E-19,1.21 ,0.52 ,-0.18 ,-0.60 ,-0.39 ,-0.25 ,-0.48 
4925,NUCB2,CD8-C1-LEF1,0.64 ,20.63 ,7.15E-23,2.36 ,0.73 ,0.22 ,0.69 ,0.07 ,0.74 ,-0.15 
101243545,LINC02067,CD8-C1-LEF1,0.64 ,35.43 ,1.32E-40,0.52 ,0.30 ,0.04 ,-0.05 ,-0.33 ,-0.66 ,-0.17 
2512,FTL,CD8-C1-LEF1,0.64 ,55.59 ,1.72E-64,0.62 ,0.51 ,0.61 ,-0.78 ,-0.75 ,-0.26 ,-0.11 
387066,SNHG5,CD8-C1-LEF1,0.64 ,12.39 ,4.54E-13,0.96 ,-0.22 ,-0.34 ,-0.40 ,-0.34 ,-0.38 ,0.65 
23178,PASK,CD8-C1-LEF1,0.64 ,32.00 ,1.69E-36,0.98 ,-0.06 ,-0.67 ,-0.27 ,-0.37 ,-0.30 ,-0.30 
157777,MCMDC2,CD8-C1-LEF1,0.64 ,13.54 ,2.02E-14,0.78 ,0.20 ,-0.15 ,-0.28 ,-0.21 ,-0.29 ,-0.33 
23484,LEPROTL1,CD8-C1-LEF1,0.64 ,60.72 ,1.67E-70,1.26 ,0.39 ,-1.86 ,-0.15 ,0.63 ,0.28 ,0.36 
11329,STK38,CD8-C1-LEF1,0.64 ,81.22 ,4.19E-94,1.50 ,0.44 ,1.43 ,-0.85 ,-1.04 ,-1.25 ,-0.49 
11123,RCAN3,CD8-C1-LEF1,0.64 ,62.31 ,2.35E-72,0.98 ,-0.63 ,-1.57 ,-0.47 ,-0.05 ,-0.51 ,-0.50 
91523,PCED1B,CD8-C1-LEF1,0.64 ,16.79 ,2.80E-18,1.11 ,0.08 ,-0.21 ,-0.27 ,0.08 ,0.62 ,-0.16 
57185,NIPAL3,CD8-C1-LEF1,0.64 ,15.30 ,1.63E-16,1.41 ,-0.26 ,-0.20 ,-0.46 ,-0.31 ,0.14 ,-0.74 
54543,TOMM7,CD8-C1-LEF1,0.63 ,13.13 ,6.12E-14,0.82 ,-0.03 ,-0.13 ,-0.40 ,-0.40 ,-0.60 ,-0.02 
25957,PNISR,CD8-C1-LEF1,0.63 ,13.38 ,3.15E-14,1.27 ,-0.11 ,-0.62 ,-0.49 ,-0.12 ,0.28 ,-0.23 
29997,NOP53,CD8-C1-LEF1,0.63 ,26.87 ,2.35E-30,1.24 ,0.88 ,0.14 ,-1.09 ,-0.55 ,-0.70 ,0.09 
4673,NAP1L1,CD8-C1-LEF1,0.63 ,21.60 ,5.01E-24,1.10 ,-0.02 ,-1.16 ,-0.68 ,-0.19 ,0.18 ,-0.62 
5163,PDK1,CD8-C1-LEF1,0.63 ,33.74 ,1.38E-38,1.37 ,-0.39 ,-0.50 ,-0.59 ,-0.23 ,-0.05 ,-0.49 
51386,EIF3L,CD8-C1-LEF1,0.63 ,18.74 ,1.34E-20,1.19 ,0.41 ,-0.17 ,-1.25 ,-0.97 ,-0.32 ,-0.01 
80342,TRAF3IP3,CD8-C1-LEF1,0.63 ,15.27 ,1.78E-16,1.21 ,0.11 ,0.10 ,-0.76 ,-0.41 ,0.12 ,-0.84 
51444,RNF138,CD8-C1-LEF1,0.63 ,11.97 ,1.42E-12,1.00 ,-0.04 ,-0.42 ,-0.31 ,-0.34 ,0.03 ,-0.16 
51275,MAPKAPK5-AS1,CD8-C1-LEF1,0.63 ,9.52 ,1.03E-09,0.84 ,0.03 ,-0.29 ,-0.28 ,-0.43 ,-0.26 ,-0.42 
3275,PRMT2,CD8-C1-LEF1,0.63 ,23.51 ,2.55E-26,1.84 ,0.16 ,1.05 ,-0.32 ,0.02 ,-0.34 ,0.39 
339541,C1orf228,CD8-C1-LEF1,0.63 ,63.00 ,3.65E-73,1.42 ,-0.13 ,-0.37 ,-0.36 ,-0.09 ,0.11 ,-0.10 
689,BTF3,CD8-C1-LEF1,0.63 ,14.19 ,3.46E-15,0.99 ,-0.09 ,-0.09 ,-0.94 ,-0.10 ,0.30 ,-0.08 
100233209,PCED1B-AS1,CD8-C1-LEF1,0.63 ,9.39 ,1.45E-09,1.07 ,0.18 ,-0.14 ,-0.38 ,-0.15 ,0.13 ,-0.22 
6431,SRSF6,CD8-C1-LEF1,0.63 ,14.20 ,3.36E-15,1.33 ,0.38 ,-0.30 ,-0.63 ,-0.44 ,0.34 ,-0.08 
3959,LGALS3BP,CD8-C1-LEF1,0.63 ,25.49 ,1.07E-28,0.50 ,-0.44 ,-1.09 ,-0.67 ,-0.65 ,-0.98 ,-0.46 
51747,LUC7L3,CD8-C1-LEF1,0.62 ,12.60 ,2.62E-13,1.20 ,0.41 ,-0.08 ,-0.79 ,-0.36 ,-0.21 ,-0.23 
3655,ITGA6,CD8-C1-LEF1,0.62 ,33.99 ,7.00E-39,1.06 ,0.11 ,-0.48 ,-0.52 ,-0.32 ,-0.63 ,-0.03 
10723,SLC12A7,CD8-C1-LEF1,0.62 ,24.71 ,9.25E-28,0.67 ,0.15 ,0.14 ,-0.44 ,-0.37 ,-0.47 ,-0.22 
3326,HSP90AB1,CD8-C1-LEF1,0.62 ,21.06 ,2.20E-23,1.24 ,0.30 ,-0.74 ,-0.78 ,0.02 ,0.86 ,0.61 
10541,ANP32B,CD8-C1-LEF1,0.62 ,16.74 ,3.21E-18,0.80 ,-0.06 ,-0.44 ,-0.88 ,-0.51 ,0.67 ,-0.53 
51611,DPH5,CD8-C1-LEF1,0.62 ,17.54 ,3.56E-19,0.93 ,-0.01 ,0.05 ,-0.29 ,-0.31 ,-0.34 ,-0.27 
92340,PRR29,CD8-C1-LEF1,0.62 ,59.01 ,1.67E-68,0.72 ,0.51 ,0.02 ,-1.14 ,-1.42 ,-1.51 ,0.14 
839,CASP6,CD8-C1-LEF1,0.62 ,11.37 ,7.22E-12,0.53 ,-0.27 ,-0.63 ,-0.37 ,-0.28 ,-0.54 ,-0.84 
3570,IL6R,CD8-C1-LEF1,0.62 ,56.92 ,4.69E-66,0.13 ,-1.00 ,-1.11 ,-1.21 ,-1.03 ,-0.97 ,-0.81 
22877,MLXIP,CD8-C1-LEF1,0.62 ,16.79 ,2.79E-18,0.87 ,-0.06 ,-0.28 ,-0.41 ,-0.31 ,-0.23 ,-0.08 
8675,STX16,CD8-C1-LEF1,0.62 ,13.17 ,5.55E-14,0.82 ,-0.55 ,-0.82 ,-0.69 ,-0.18 ,0.00 ,-0.13 
441951,ZFAS1,CD8-C1-LEF1,0.62 ,13.58 ,1.82E-14,0.95 ,0.51 ,-0.52 ,-0.07 ,-0.29 ,-0.28 ,0.05 
54964,C1orf56,CD8-C1-LEF1,0.62 ,70.37 ,1.12E-81,0.77 ,0.71 ,0.63 ,-0.59 ,-0.78 ,-1.28 ,-0.60 
2053,EPHX2,CD8-C1-LEF1,0.62 ,64.69 ,3.98E-75,0.98 ,-0.57 ,-0.82 ,-1.03 ,-0.71 ,-0.70 ,-0.52 
23113,CUL9,CD8-C1-LEF1,0.62 ,10.71 ,4.23E-11,0.50 ,-0.08 ,-0.46 ,-0.53 ,-0.31 ,-0.11 ,0.09 
23608,MKRN1,CD8-C1-LEF1,0.62 ,8.25 ,2.93E-08,0.88 ,-0.15 ,-0.14 ,-0.22 ,-0.47 ,-0.25 ,-0.29 
100527949,GIMAP1-GIMAP5,CD8-C1-LEF1,0.62 ,31.23 ,1.39E-35,1.43 ,1.21 ,0.38 ,0.60 ,-0.70 ,-1.21 ,0.48 
5578,PRKCA,CD8-C1-LEF1,0.62 ,47.17 ,1.41E-54,1.00 ,-0.52 ,-0.59 ,-0.77 ,-0.23 ,-0.27 ,-0.45 
91782,CHMP7,CD8-C1-LEF1,0.62 ,10.68 ,4.57E-11,0.53 ,-0.34 ,-0.78 ,-0.90 ,-0.42 ,-0.10 ,-0.71 
56882,CDC42SE1,CD8-C1-LEF1,0.62 ,60.77 ,1.47E-70,0.95 ,0.55 ,0.72 ,-0.67 ,-1.09 ,-0.96 ,-0.67 
4242,MFNG,CD8-C1-LEF1,0.62 ,15.83 ,3.89E-17,1.15 ,-0.07 ,0.04 ,-1.06 ,-0.62 ,-0.39 ,-0.38 
55843,ARHGAP15,CD8-C1-LEF1,0.62 ,21.52 ,6.22E-24,0.90 ,0.17 ,-1.12 ,-0.37 ,0.15 ,0.05 ,-0.04 
328,APEX1,CD8-C1-LEF1,0.62 ,12.17 ,8.28E-13,1.09 ,-0.29 ,-0.10 ,-0.75 ,-0.29 ,0.17 ,-0.15 
50861,STMN3,CD8-C1-LEF1,0.62 ,13.31 ,3.74E-14,0.87 ,0.00 ,-0.08 ,-0.34 ,-0.07 ,-0.12 ,-0.30 
55340,GIMAP5,CD8-C1-LEF1,0.62 ,29.66 ,1.05E-33,1.41 ,1.23 ,0.21 ,0.49 ,-0.87 ,-1.40 ,0.32 
64784,CRTC3,CD8-C1-LEF1,0.62 ,11.44 ,5.94E-12,0.56 ,-0.24 ,-0.47 ,-0.53 ,-0.15 ,-0.01 ,-0.25 
57019,CIAPIN1,CD8-C1-LEF1,0.61 ,11.43 ,6.13E-12,0.80 ,-0.34 ,0.21 ,-0.49 ,-0.14 ,0.27 ,-0.27 
92126,DSEL,CD8-C1-LEF1,0.61 ,59.69 ,2.64E-69,1.03 ,0.29 ,-0.18 ,-0.16 ,-0.09 ,-0.13 ,-0.02 
4863,NPAT,CD8-C1-LEF1,0.61 ,6.33 ,4.10E-06,0.93 ,-0.03 ,-0.14 ,-0.27 ,-0.27 ,-0.18 ,0.42 
91689,SMDT1,CD8-C1-LEF1,0.61 ,10.65 ,5.01E-11,0.80 ,0.11 ,-0.24 ,-0.32 ,-0.40 ,-0.56 ,0.43 
9550,ATP6V1G1,CD8-C1-LEF1,0.61 ,6.84 ,1.12E-06,0.95 ,-0.26 ,-0.39 ,-0.48 ,-0.39 ,-0.35 ,0.11 
57048,PLSCR3,CD8-C1-LEF1,0.61 ,16.78 ,2.88E-18,0.49 ,-0.42 ,-0.27 ,-0.96 ,-0.79 ,-0.33 ,-0.68 
51599,LSR,CD8-C1-LEF1,0.61 ,48.62 ,2.73E-56,0.94 ,0.45 ,-0.65 ,-0.41 ,0.07 ,-0.63 ,-0.06 
29920,PYCR2,CD8-C1-LEF1,0.61 ,9.83 ,4.47E-10,1.00 ,-0.35 ,-0.16 ,-0.42 ,-0.08 ,0.29 ,-0.02 
1975,EIF4B,CD8-C1-LEF1,0.61 ,11.00 ,1.95E-11,0.94 ,-0.19 ,0.04 ,-0.75 ,-0.57 ,-0.51 ,-0.27 
280636,SELENOH,CD8-C1-LEF1,0.61 ,20.09 ,3.17E-22,1.15 ,-0.18 ,-0.46 ,-0.45 ,0.14 ,0.78 ,-0.31 
7536,SF1,CD8-C1-LEF1,0.61 ,11.59 ,3.97E-12,0.87 ,0.56 ,-0.49 ,-0.72 ,-0.29 ,-0.35 ,0.20 
100529211,TMEM256-PLSCR3,CD8-C1-LEF1,0.61 ,13.08 ,7.06E-14,0.54 ,-0.31 ,-0.27 ,-0.82 ,-0.74 ,-0.21 ,-0.44 
3094,HINT1,CD8-C1-LEF1,0.61 ,14.86 ,5.50E-16,0.73 ,-0.17 ,-0.70 ,-0.73 ,-0.30 ,0.44 ,-0.67 
51735,RAPGEF6,CD8-C1-LEF1,0.61 ,33.92 ,8.39E-39,0.78 ,-0.42 ,-1.47 ,-0.52 ,0.25 ,0.20 ,0.37 
2876,GPX1,CD8-C1-LEF1,0.61 ,14.61 ,1.11E-15,0.64 ,-0.47 ,-0.73 ,-0.98 ,-0.44 ,-0.40 ,-0.25 
26354,GNL3,CD8-C1-LEF1,0.61 ,11.18 ,1.22E-11,1.06 ,0.14 ,-0.27 ,-0.40 ,-0.37 ,0.03 ,-0.09 
6767,ST13,CD8-C1-LEF1,0.61 ,12.81 ,1.46E-13,0.86 ,-0.78 ,-0.44 ,-0.58 ,-0.06 ,0.43 ,0.18 
80279,CDK5RAP3,CD8-C1-LEF1,0.61 ,8.33 ,2.37E-08,1.12 ,0.54 ,-0.22 ,-0.22 ,-0.24 ,0.09 ,0.52 
10637,LEFTY1,CD8-C1-LEF1,0.61 ,9.62 ,7.77E-10,0.90 ,-0.32 ,-0.15 ,-0.35 ,-0.08 ,0.30 ,-0.02 
8926,SNURF,CD8-C1-LEF1,0.61 ,7.58 ,1.66E-07,1.00 ,0.29 ,-0.31 ,-0.19 ,-0.27 ,-0.22 ,-0.47 
23157,6-Sep,CD8-C1-LEF1,0.61 ,9.41 ,1.36E-09,0.70 ,-0.36 ,-0.93 ,-0.30 ,-0.34 ,-0.56 ,-0.27 
2533,FYB1,CD8-C1-LEF1,0.61 ,23.49 ,2.72E-26,0.52 ,-0.30 ,-0.81 ,-0.01 ,-0.02 ,-0.17 ,-1.97 
80162,PGGHG,CD8-C1-LEF1,0.61 ,20.25 ,2.03E-22,1.48 ,0.28 ,-0.14 ,0.23 ,-0.22 ,0.19 ,-0.20 
6482,ST3GAL1,CD8-C1-LEF1,0.61 ,10.04 ,2.56E-10,1.05 ,0.57 ,-0.09 ,-0.65 ,0.14 ,-0.03 ,-0.51 
79652,TMEM204,CD8-C1-LEF1,0.61 ,15.86 ,3.59E-17,1.11 ,0.19 ,-0.27 ,-0.66 ,-0.39 ,-0.31 ,-0.16 
163882,CNST,CD8-C1-LEF1,0.61 ,13.54 ,2.01E-14,0.44 ,-0.56 ,-0.94 ,-0.92 ,-0.51 ,-0.68 ,-0.41 
11320,MGAT4A,CD8-C1-LEF1,0.61 ,16.22 ,1.33E-17,1.47 ,0.66 ,0.37 ,-0.16 ,0.29 ,-0.85 ,1.03 
25939,SAMHD1,CD8-C1-LEF1,0.61 ,31.07 ,2.15E-35,0.57 ,-0.40 ,0.43 ,-1.14 ,-1.29 ,-1.35 ,-0.74 
57488,ESYT2,CD8-C1-LEF1,0.61 ,12.59 ,2.69E-13,0.52 ,-0.20 ,-0.22 ,-1.00 ,-0.21 ,-0.25 ,-0.59 
79608,RIC3,CD8-C1-LEF1,0.61 ,38.62 ,2.00E-44,1.13 ,0.27 ,-0.51 ,-0.19 ,-0.28 ,-0.44 ,-0.62 
80146,UXS1,CD8-C1-LEF1,0.61 ,16.02 ,2.29E-17,0.49 ,-0.48 ,-0.92 ,-0.75 ,-0.18 ,-0.65 ,-0.19 
11168,PSIP1,CD8-C1-LEF1,0.61 ,9.65 ,7.22E-10,0.87 ,0.06 ,-0.18 ,-0.74 ,-0.47 ,-0.21 ,-0.34 
90273,CEACAM21,CD8-C1-LEF1,0.61 ,21.15 ,1.73E-23,0.74 ,-0.43 ,-0.13 ,-1.11 ,-0.13 ,-0.11 ,-0.21 
1327,COX4I1,CD8-C1-LEF1,0.60 ,11.15 ,1.31E-11,0.65 ,-0.11 ,-0.12 ,-0.78 ,-0.38 ,0.38 ,0.14 
6314,ATXN7,CD8-C1-LEF1,0.60 ,18.02 ,9.64E-20,0.88 ,0.03 ,-0.71 ,0.14 ,0.27 ,-0.76 ,-0.35 
330,BIRC3,CD8-C1-LEF1,0.60 ,33.40 ,3.52E-38,-0.32 ,-0.98 ,-2.73 ,-1.28 ,-1.50 ,-1.18 ,-1.08 
53827,FXYD5,CD8-C1-LEF1,0.60 ,13.12 ,6.31E-14,0.00 ,-0.71 ,-1.20 ,-1.82 ,-0.60 ,-0.71 ,-1.13 
56985,ADPRM,CD8-C1-LEF1,0.60 ,19.97 ,4.39E-22,0.71 ,-0.27 ,-0.64 ,-0.54 ,-0.51 ,-0.43 ,-0.53 
8665,EIF3F,CD8-C1-LEF1,0.60 ,10.40 ,9.64E-11,0.85 ,-0.30 ,0.10 ,-0.54 ,-0.68 ,-0.29 ,0.02 
29775,CARD10,CD8-C1-LEF1,0.60 ,15.19 ,2.26E-16,0.92 ,-0.11 ,0.02 ,-0.91 ,-0.50 ,-0.27 ,-0.24 
9883,POM121,CD8-C1-LEF1,0.60 ,9.69 ,6.47E-10,0.82 ,0.04 ,0.09 ,-0.40 ,-0.33 ,-0.02 ,-0.18 
7174,TPP2,CD8-C1-LEF1,0.60 ,9.54 ,9.78E-10,0.99 ,0.78 ,0.04 ,-0.24 ,-0.35 ,0.16 ,-0.49 
10943,MSL3,CD8-C1-LEF1,0.60 ,8.03 ,5.21E-08,0.85 ,-0.40 ,-0.22 ,-0.15 ,-0.60 ,-0.29 ,-0.32 
54557,SGTB,CD8-C1-LEF1,0.60 ,13.39 ,3.04E-14,0.61 ,0.07 ,-0.50 ,-0.43 ,-0.18 ,-0.40 ,-0.57 
10140,TOB1,CD8-C1-LEF1,0.60 ,34.91 ,5.52E-40,1.14 ,0.41 ,0.23 ,-1.59 ,0.96 ,-0.32 ,0.58 
550643,NBDY,CD8-C1-LEF1,0.60 ,13.38 ,3.15E-14,0.71 ,-0.03 ,-0.36 ,-0.39 ,-0.10 ,0.69 ,-0.56 
55619,DOCK10,CD8-C1-LEF1,0.60 ,39.14 ,4.76E-45,1.07 ,-0.18 ,-0.99 ,-0.82 ,1.06 ,0.33 ,0.13 
2091,FBL,CD8-C1-LEF1,0.60 ,9.76 ,5.40E-10,0.73 ,0.51 ,0.05 ,-0.49 ,-0.36 ,0.26 ,0.53 
54674,LRRN3,CD8-C1-LEF1,0.60 ,114.73 ,1.94E-131,1.99 ,-0.29 ,-0.30 ,-0.27 ,-0.13 ,0.37 ,-0.20 
100616408,MIR5047,CD8-C1-LEF1,0.60 ,13.58 ,1.82E-14,0.66 ,0.02 ,0.09 ,-0.23 ,-0.56 ,-0.65 ,-0.53 
90871,DMAC1,CD8-C1-LEF1,0.60 ,16.70 ,3.62E-18,0.64 ,0.26 ,-0.49 ,-0.71 ,-0.14 ,0.19 ,0.18 
56948,SDR39U1,CD8-C1-LEF1,0.60 ,9.79 ,4.92E-10,1.16 ,-0.12 ,0.22 ,0.04 ,-0.49 ,-0.06 ,-0.40 
100131564,CCDC18-AS1,CD8-C1-LEF1,0.60 ,8.16 ,3.67E-08,1.06 ,0.09 ,-0.55 ,-0.41 ,-0.23 ,-0.03 ,-0.41 
199746,U2AF1L4,CD8-C1-LEF1,0.60 ,6.70 ,1.59E-06,0.70 ,-0.12 ,-0.18 ,-0.40 ,-0.19 ,0.27 ,0.04 
765,CA6,CD8-C1-LEF1,0.60 ,193.71 ,1.49E-213,1.89 ,-0.19 ,-0.18 ,-0.25 ,-0.16 ,-0.16 ,-0.11 
83641,FAM107B,CD8-C1-LEF1,0.60 ,9.26 ,2.00E-09,0.82 ,0.11 ,0.21 ,-0.72 ,-0.33 ,-0.40 ,-0.36 
1207,CLNS1A,CD8-C1-LEF1,0.60 ,9.69 ,6.48E-10,0.54 ,-0.58 ,-0.29 ,-0.63 ,-0.13 ,0.53 ,0.07 
79090,TRAPPC6A,CD8-C1-LEF1,0.60 ,6.45 ,3.02E-06,0.57 ,-0.27 ,-0.19 ,-0.57 ,-0.16 ,-0.18 ,-0.22 
23195,MDN1,CD8-C1-LEF1,0.60 ,7.86 ,8.06E-08,0.82 ,0.10 ,-0.32 ,-0.05 ,-0.12 ,-0.04 ,-0.16 
27018,BEX3,CD8-C1-LEF1,0.60 ,49.47 ,2.74E-57,0.64 ,-0.43 ,-0.57 ,-0.57 ,-0.48 ,-0.60 ,-0.56 
283130,SLC25A45,CD8-C1-LEF1,0.60 ,7.19 ,4.51E-07,0.73 ,0.17 ,-0.25 ,-0.34 ,-0.37 ,-0.17 ,0.03 
80169,CTC1,CD8-C1-LEF1,0.60 ,8.69 ,8.97E-09,0.95 ,0.60 ,-0.22 ,0.06 ,-0.33 ,-0.36 ,-0.12 
51095,TRNT1,CD8-C1-LEF1,0.59 ,15.90 ,3.17E-17,0.81 ,0.20 ,0.53 ,-0.56 ,-0.50 ,-0.32 ,-0.12 
1974,EIF4A2,CD8-C1-LEF1,0.59 ,4.12 ,9.02E-04,0.97 ,0.30 ,-0.07 ,0.12 ,-0.16 ,-0.04 ,0.33 
2971,GTF3A,CD8-C1-LEF1,0.59 ,8.71 ,8.52E-09,1.18 ,0.41 ,0.31 ,-0.56 ,0.08 ,-0.10 ,-0.04 
1345,COX6C,CD8-C1-LEF1,0.59 ,11.04 ,1.75E-11,0.67 ,-0.50 ,-0.13 ,-0.58 ,0.02 ,0.19 ,-0.32 
833,CARS,CD8-C1-LEF1,0.59 ,16.44 ,7.25E-18,1.17 ,-0.19 ,0.21 ,-0.46 ,0.15 ,0.97 ,-0.17 
2734,GLG1,CD8-C1-LEF1,0.59 ,13.76 ,1.12E-14,0.84 ,0.12 ,0.21 ,-1.01 ,-0.54 ,-0.22 ,0.33 
1615,DARS,CD8-C1-LEF1,0.59 ,11.22 ,1.08E-11,0.83 ,-0.42 ,-0.64 ,-0.01 ,-0.20 ,0.50 ,0.43 
58473,PLEKHB1,CD8-C1-LEF1,0.59 ,29.81 ,7.06E-34,1.31 ,-0.09 ,-0.41 ,-0.22 ,-0.23 ,-0.51 ,-0.14 
10632,ATP5L,CD8-C1-LEF1,0.59 ,10.41 ,9.47E-11,0.69 ,-0.19 ,-0.12 ,-0.55 ,-0.02 ,0.40 ,0.13 
55082,ARGLU1,CD8-C1-LEF1,0.59 ,7.95 ,6.29E-08,0.72 ,0.20 ,-0.26 ,-0.48 ,-0.35 ,0.25 ,0.31 
54861,SNRK,CD8-C1-LEF1,0.59 ,9.05 ,3.56E-09,0.96 ,0.20 ,0.34 ,-0.20 ,-0.22 ,-0.34 ,0.37 
3329,HSPD1,CD8-C1-LEF1,0.59 ,12.35 ,5.14E-13,0.72 ,-0.33 ,-0.67 ,-0.53 ,-0.02 ,0.37 ,0.52 
256380,SCML4,CD8-C1-LEF1,0.59 ,21.47 ,7.18E-24,1.66 ,0.70 ,0.21 ,0.12 ,1.59 ,-0.03 ,0.27 
926,CD8B,CD8-C1-LEF1,0.59 ,16.09 ,1.90E-17,5.44 ,4.49 ,4.42 ,4.65 ,4.59 ,5.06 ,2.63 
7001,PRDX2,CD8-C1-LEF1,0.59 ,8.87 ,5.68E-09,0.43 ,-0.27 ,-0.48 ,-1.11 ,-0.58 ,-0.70 ,0.25 
23526,ARHGAP45,CD8-C1-LEF1,0.59 ,6.78 ,1.29E-06,0.96 ,0.06 ,0.15 ,-0.38 ,-0.17 ,0.06 ,-0.94 
197370,NSMCE1,CD8-C1-LEF1,0.59 ,11.32 ,8.34E-12,0.91 ,-0.49 ,-0.04 ,-0.44 ,-0.34 ,0.43 ,-0.48 
29978,UBQLN2,CD8-C1-LEF1,0.59 ,6.59 ,2.10E-06,0.64 ,-0.34 ,-0.29 ,-0.62 ,-0.52 ,-0.32 ,-0.53 
51520,LARS,CD8-C1-LEF1,0.59 ,7.27 ,3.66E-07,0.79 ,-0.09 ,-0.24 ,-0.57 ,-0.01 ,0.01 ,-0.04 
3985,LIMK2,CD8-C1-LEF1,0.59 ,9.01 ,3.94E-09,0.44 ,-0.09 ,-0.36 ,-0.65 ,-0.10 ,-0.10 ,-0.39 
8409,UXT,CD8-C1-LEF1,0.59 ,7.09 ,5.94E-07,0.91 ,0.33 ,-0.10 ,-0.27 ,-0.19 ,-0.05 ,-0.17 
100286979,ANAPC1P1,CD8-C1-LEF1,0.59 ,16.23 ,1.30E-17,3.02 ,2.07 ,2.23 ,2.43 ,2.39 ,2.89 ,0.91 
199,AIF1,CD8-C1-LEF1,0.59 ,77.66 ,4.73E-90,1.24 ,0.06 ,-0.15 ,-0.08 ,-0.06 ,0.30 ,0.00 
4691,NCL,CD8-C1-LEF1,0.59 ,9.08 ,3.27E-09,0.86 ,-0.08 ,-0.09 ,-0.55 ,-0.20 ,0.68 ,0.33 
130916,MTERF4,CD8-C1-LEF1,0.59 ,8.92 ,4.95E-09,0.78 ,-0.13 ,-0.39 ,-0.13 ,-0.02 ,-0.26 ,-0.01 
119504,ANAPC16,CD8-C1-LEF1,0.59 ,6.96 ,8.25E-07,0.76 ,-0.64 ,-0.44 ,-0.44 ,-0.05 ,0.18 ,-0.04 
338799,LINC01089,CD8-C1-LEF1,0.59 ,11.90 ,1.75E-12,0.68 ,-0.13 ,-0.15 ,-0.32 ,-0.41 ,-0.37 ,-0.19 
7327,UBE2G2,CD8-C1-LEF1,0.59 ,5.58 ,2.70E-05,0.92 ,-0.56 ,-0.02 ,-0.16 ,-0.03 ,0.36 ,0.09 
100506710,EBLN3P,CD8-C1-LEF1,0.59 ,4.49 ,3.79E-04,0.69 ,-0.15 ,-0.22 ,0.04 ,0.03 ,-0.35 ,-0.33 
401152,C4orf3,CD8-C1-LEF1,0.59 ,6.42 ,3.23E-06,0.98 ,0.09 ,-0.15 ,-0.29 ,0.08 ,0.34 ,0.45 
1984,EIF5A,CD8-C1-LEF1,0.59 ,10.55 ,6.57E-11,0.90 ,0.47 ,0.11 ,-0.55 ,0.07 ,0.45 ,-0.06 
3575,IL7R,CD8-C2-CD28,0.81 ,298.60 ,1.63404284714825e-311,2.61 ,2.66 ,-3.57 ,-3.67 ,-0.31 ,-5.03 ,2.15 
940,CD28,CD8-C2-CD28,0.68 ,71.55 ,4.86E-83,0.08 ,0.31 ,-2.26 ,-0.53 ,-1.60 ,-1.58 ,-0.56 
55646,LYAR,CD8-C2-CD28,0.66 ,52.61 ,5.35E-61,0.06 ,2.68 ,1.67 ,0.92 ,-0.02 ,-0.59 ,1.63 
944,TNFSF8,CD8-C2-CD28,0.65 ,66.83 ,1.34E-77,1.09 ,1.12 ,-2.11 ,-0.23 ,-0.40 ,-1.41 ,-1.15 
55013,MCUB,CD8-C2-CD28,0.64 ,26.13 ,1.79E-29,1.14 ,1.29 ,-0.71 ,-0.27 ,-0.69 ,-1.15 ,0.12 
1880,GPR183,CD8-C2-CD28,0.64 ,89.83 ,7.95E-104,-0.68 ,0.40 ,-2.99 ,0.18 ,-0.70 ,-2.61 ,-0.21 
1844,DUSP2,CD8-C2-CD28,0.64 ,45.57 ,1.11E-52,-1.11 ,2.94 ,1.01 ,2.16 ,0.13 ,1.72 ,1.07 
27244,SESN1,CD8-C2-CD28,0.64 ,29.91 ,5.31E-34,0.50 ,1.17 ,-0.70 ,-0.75 ,-0.55 ,-1.48 ,0.44 
378938,MALAT1,CD8-C2-CD28,0.62 ,109.81 ,4.82E-126,0.26 ,0.26 ,0.06 ,0.06 ,-0.21 ,-0.96 ,-0.35 
2035,EPB41,CD8-C2-CD28,0.62 ,18.26 ,4.99E-20,0.47 ,1.13 ,-0.26 ,-0.07 ,-0.73 ,-1.17 ,0.07 
490,ATP2B1,CD8-C2-CD28,0.61 ,8.49 ,1.56E-08,-0.07 ,0.67 ,-0.47 ,-0.45 ,-0.25 ,-1.16 ,-0.79 
1534,CYB561,CD8-C2-CD28,0.60 ,22.35 ,6.18E-25,-0.16 ,1.25 ,-0.08 ,-0.23 ,0.27 ,-0.49 ,0.18 
678,ZFP36L2,CD8-C2-CD28,0.60 ,24.36 ,2.39E-27,-0.53 ,1.34 ,0.45 ,0.15 ,1.13 ,-0.28 ,0.33 
3587,IL10RA,CD8-C2-CD28,0.60 ,25.71 ,5.78E-29,-1.25 ,1.45 ,0.94 ,-0.20 ,0.16 ,-0.36 ,-1.38 
92797,HELB,CD8-C2-CD28,0.60 ,6.44 ,3.13E-06,0.11 ,0.60 ,-0.47 ,0.04 ,-0.03 ,-0.28 ,0.08 
10207,PATJ,CD8-C2-CD28,0.60 ,41.88 ,2.61E-48,0.56 ,0.61 ,-1.22 ,-0.17 ,0.27 ,-0.82 ,0.22 
7378,UPP1,CD8-C2-CD28,0.60 ,11.55 ,4.50E-12,0.22 ,0.66 ,0.07 ,-0.79 ,-0.43 ,-0.44 ,-0.31 
3726,JUNB,CD8-C2-CD28,0.59 ,10.11 ,2.12E-10,-0.55 ,1.03 ,-0.57 ,0.08 ,0.12 ,-0.29 ,0.99 
5732,PTGER2,CD8-C2-CD28,0.59 ,64.83 ,2.77E-75,0.87 ,1.70 ,1.44 ,-1.04 ,0.02 ,-0.91 ,0.38 
4603,MYBL1,CD8-C2-CD28,0.59 ,53.66 ,3.10E-62,-0.37 ,1.41 ,1.17 ,-0.16 ,-0.06 ,-0.44 ,0.80 
100132341,CLUHP3,CD8-C2-CD28,0.59 ,9.25 ,2.07E-09,0.52 ,0.75 ,-0.34 ,-0.02 ,0.08 ,-0.01 ,0.35 
6281,S100A10,CD8-C2-CD28,0.59 ,34.63 ,1.18E-39,-0.69 ,0.75 ,0.46 ,-0.73 ,0.48 ,-1.44 ,0.08 
83888,FGFBP2,CD8-C3-CX3CR1,0.88 ,989.34 ,0.00E+00,-0.69 ,-0.47 ,5.49 ,-0.90 ,-1.30 ,-0.76 ,-0.92 
1524,CX3CR1,CD8-C3-CX3CR1,0.86 ,887.05 ,0.00E+00,-0.76 ,-0.29 ,5.25 ,-0.81 ,-1.35 ,-0.86 ,-0.94 
2214,FCGR3A,CD8-C3-CX3CR1,0.84 ,664.80 ,0.00E+00,-0.49 ,-0.22 ,5.62 ,-0.02 ,-0.80 ,-0.50 ,-0.49 
9289,ADGRG1,CD8-C3-CX3CR1,0.83 ,468.26 ,0.00E+00,-0.89 ,-0.67 ,4.87 ,-0.41 ,-0.88 ,1.75 ,-0.82 
5341,PLEK,CD8-C3-CX3CR1,0.82 ,429.94 ,0.00E+00,-0.85 ,1.59 ,5.17 ,1.51 ,-1.36 ,-0.05 ,1.39 
2215,FCGR3B,CD8-C3-CX3CR1,0.82 ,521.13 ,0.00E+00,-0.41 ,-0.21 ,3.01 ,-0.07 ,-0.47 ,-0.25 ,-0.35 
3824,KLRD1,CD8-C3-CX3CR1,0.80 ,300.20 ,6.79793855032296e-313,-1.16 ,1.26 ,6.52 ,1.36 ,2.49 ,3.27 ,-0.19 
1901,S1PR1,CD8-C3-CX3CR1,0.79 ,388.72 ,0.00E+00,1.47 ,1.61 ,2.23 ,-1.65 ,-2.46 ,-2.60 ,-1.01 
9516,LITAF,CD8-C3-CX3CR1,0.78 ,169.64 ,2.30E-189,0.98 ,1.63 ,3.58 ,0.32 ,-1.29 ,0.55 ,-0.50 
2999,GZMH,CD8-C3-CX3CR1,0.77 ,379.05 ,0.00E+00,-2.30 ,-0.06 ,6.01 ,3.00 ,2.35 ,4.49 ,-1.00 
343413,FCRL6,CD8-C3-CX3CR1,0.77 ,237.41 ,8.76E-256,-0.92 ,1.05 ,4.57 ,1.46 ,-0.02 ,-0.06 ,-0.51 
10578,GNLY,CD8-C3-CX3CR1,0.77 ,249.02 ,1.23E-266,-1.04 ,0.20 ,5.04 ,-0.91 ,1.20 ,1.79 ,-0.20 
10219,KLRG1,CD8-C3-CX3CR1,0.76 ,299.42 ,3.18594258924542e-312,-0.85 ,1.67 ,4.29 ,2.17 ,-1.37 ,-0.70 ,3.18 
4818,NKG7,CD8-C3-CX3CR1,0.76 ,508.92 ,0.00E+00,-1.70 ,3.63 ,6.11 ,4.71 ,3.12 ,5.58 ,4.29 
53637,S1PR5,CD8-C3-CX3CR1,0.76 ,374.07 ,0.00E+00,-0.58 ,-0.24 ,3.46 ,-0.17 ,-0.85 ,-0.57 ,0.53 
5551,PRF1,CD8-C3-CX3CR1,0.76 ,243.12 ,4.00E-261,-1.67 ,2.09 ,5.07 ,1.71 ,1.81 ,4.03 ,3.47 
51316,PLAC8,CD8-C3-CX3CR1,0.76 ,334.66 ,0.00E+00,2.26 ,0.77 ,2.52 ,-1.87 ,-1.88 ,-2.28 ,0.30 
2,A2M,CD8-C3-CX3CR1,0.74 ,271.95 ,1.05E-287,-0.68 ,1.93 ,3.17 ,1.68 ,-1.33 ,-0.75 ,2.27 
9839,ZEB2,CD8-C3-CX3CR1,0.74 ,176.07 ,6.63E-196,-1.14 ,-0.64 ,3.88 ,0.88 ,0.21 ,0.98 ,-0.32 
2268,FGR,CD8-C3-CX3CR1,0.74 ,316.72 ,0.00E+00,-0.46 ,0.34 ,3.77 ,0.19 ,-0.77 ,-0.41 ,-0.28 
5829,PXN,CD8-C3-CX3CR1,0.73 ,147.59 ,1.36E-166,0.25 ,0.36 ,2.30 ,-1.51 ,-0.24 ,-1.80 ,-0.07 
8530,CST7,CD8-C3-CX3CR1,0.73 ,373.67 ,0.00E+00,-2.60 ,2.29 ,4.44 ,4.11 ,0.59 ,2.68 ,1.72 
79180,EFHD2,CD8-C3-CX3CR1,0.73 ,159.98 ,1.93E-179,-1.29 ,-0.34 ,2.48 ,-0.63 ,-0.43 ,0.13 ,-0.13 
11098,PRSS23,CD8-C3-CX3CR1,0.72 ,318.24 ,0.00E+00,-0.42 ,-0.29 ,3.17 ,-0.51 ,-0.72 ,-0.30 ,-0.49 
10365,KLF2,CD8-C3-CX3CR1,0.72 ,216.44 ,9.49E-236,1.10 ,1.41 ,1.65 ,-1.43 ,-1.60 ,-1.58 ,-0.78 
7049,TGFBR3,CD8-C3-CX3CR1,0.71 ,158.91 ,2.43E-178,-1.04 ,0.41 ,2.91 ,0.00 ,-0.51 ,-0.31 ,1.06 
23345,SYNE1,CD8-C3-CX3CR1,0.70 ,90.66 ,9.37E-105,-0.75 ,1.18 ,2.72 ,1.10 ,-0.37 ,0.43 ,-0.06 
2316,FLNA,CD8-C3-CX3CR1,0.70 ,72.59 ,3.04E-84,-0.33 ,0.23 ,2.23 ,-0.45 ,-0.31 ,0.02 ,0.49 
51411,BIN2,CD8-C3-CX3CR1,0.69 ,78.49 ,5.27E-91,0.55 ,0.87 ,2.13 ,-0.84 ,-0.79 ,-0.55 ,0.30 
197135,PATL2,CD8-C3-CX3CR1,0.69 ,106.71 ,1.19E-122,-0.31 ,0.88 ,2.88 ,0.35 ,-0.34 ,-0.38 ,-0.95 
10859,LILRB1,CD8-C3-CX3CR1,0.69 ,215.32 ,1.12E-234,-0.36 ,-0.26 ,2.64 ,-0.11 ,-0.38 ,0.01 ,-0.34 
30009,TBX21,CD8-C3-CX3CR1,0.69 ,124.84 ,2.09E-142,-0.83 ,0.15 ,2.47 ,-0.13 ,0.02 ,0.07 ,-0.13 
445347,TARP,CD8-C3-CX3CR1,0.69 ,114.98 ,1.04E-131,-1.04 ,2.40 ,4.49 ,2.08 ,2.14 ,1.96 ,3.63 
4542,MYO1F,CD8-C3-CX3CR1,0.68 ,89.91 ,6.48E-104,-2.09 ,1.48 ,2.60 ,0.33 ,0.32 ,0.50 ,1.57 
3689,ITGB2,CD8-C3-CX3CR1,0.68 ,56.46 ,1.64E-65,-0.38 ,-0.04 ,1.70 ,0.14 ,-0.67 ,0.12 ,-0.09 
7351,UCP2,CD8-C3-CX3CR1,0.68 ,69.51 ,1.08E-80,0.48 ,-0.70 ,1.26 ,-1.72 ,-1.47 ,-0.17 ,-0.50 
81563,C1orf21,CD8-C3-CX3CR1,0.68 ,178.95 ,8.23E-199,-0.58 ,0.22 ,2.55 ,0.42 ,-0.58 ,-0.16 ,-0.43 
149628,PYHIN1,CD8-C3-CX3CR1,0.68 ,127.43 ,3.46E-145,-2.35 ,0.39 ,2.29 ,1.63 ,-0.73 ,0.78 ,-0.05 
10417,SPON2,CD8-C3-CX3CR1,0.68 ,171.80 ,1.46E-191,-0.55 ,-0.27 ,2.65 ,-0.13 ,-0.39 ,-0.10 ,-0.38 
5858,PZP,CD8-C3-CX3CR1,0.67 ,145.83 ,9.75E-165,-0.36 ,0.81 ,2.22 ,1.42 ,-0.94 ,-0.59 ,1.62 
154,ADRB2,CD8-C3-CX3CR1,0.67 ,135.36 ,1.17E-153,-0.83 ,0.44 ,2.99 ,0.49 ,-0.27 ,-0.53 ,1.59 
100506649,PXN-AS1,CD8-C3-CX3CR1,0.66 ,77.49 ,7.37E-90,0.05 ,-0.06 ,1.27 ,-0.76 ,-0.09 ,-0.70 ,0.01 
3904,LAIR2,CD8-C3-CX3CR1,0.66 ,98.52 ,1.42E-113,-0.71 ,-0.62 ,0.91 ,-0.80 ,-0.75 ,-0.07 ,-0.89 
3683,ITGAL,CD8-C3-CX3CR1,0.66 ,52.65 ,4.83E-61,-0.95 ,0.26 ,2.07 ,0.50 ,-0.16 ,0.11 ,-0.39 
57136,APMAP,CD8-C3-CX3CR1,0.66 ,81.86 ,7.83E-95,-1.10 ,1.07 ,2.97 ,1.99 ,-0.11 ,1.03 ,0.42 
1521,CTSW,CD8-C3-CX3CR1,0.66 ,82.23 ,2.96E-95,0.97 ,2.87 ,4.63 ,1.88 ,3.12 ,3.81 ,3.45 
3107,HLA-C,CD8-C3-CX3CR1,0.66 ,80.80 ,1.25E-93,-0.48 ,-0.07 ,0.54 ,0.28 ,0.12 ,0.19 ,0.22 
55020,TTC38,CD8-C3-CX3CR1,0.65 ,99.99 ,3.27E-115,-0.45 ,-0.31 ,2.28 ,0.11 ,-0.32 ,0.70 ,-0.35 
115352,FCRL3,CD8-C3-CX3CR1,0.65 ,97.17 ,4.65E-112,-0.93 ,0.76 ,1.78 ,1.19 ,-1.14 ,-0.02 ,-0.56 
2014,EMP3,CD8-C3-CX3CR1,0.65 ,52.03 ,2.59E-60,-0.17 ,0.29 ,1.04 ,-0.88 ,-0.08 ,-0.96 ,-0.26 
120,ADD3,CD8-C3-CX3CR1,0.65 ,72.25 ,7.60E-84,0.92 ,-0.06 ,1.03 ,-1.66 ,-1.56 ,-1.86 ,-0.62 
100303491,ZEB2-AS1,CD8-C3-CX3CR1,0.65 ,131.88 ,5.89E-150,-0.44 ,-0.31 ,1.72 ,0.07 ,-0.11 ,0.09 ,-0.17 
5908,RAP1B,CD8-C3-CX3CR1,0.65 ,41.99 ,1.94E-48,0.22 ,-0.13 ,1.70 ,0.00 ,0.08 ,1.09 ,0.24 
9267,CYTH1,CD8-C3-CX3CR1,0.65 ,57.08 ,3.07E-66,0.51 ,-0.30 ,0.98 ,-1.53 ,-1.06 ,-1.27 ,-1.10 
11186,RASSF1,CD8-C3-CX3CR1,0.65 ,56.40 ,1.90E-65,-0.63 ,0.62 ,2.26 ,-0.02 ,0.27 ,1.49 ,0.59 
8459,TPST2,CD8-C3-CX3CR1,0.65 ,48.06 ,1.25E-55,-0.04 ,0.96 ,2.45 ,0.00 ,0.54 ,0.97 ,0.06 
9788,MTSS1,CD8-C3-CX3CR1,0.64 ,121.94 ,2.88E-139,-0.09 ,-0.43 ,2.10 ,-0.10 ,-0.71 ,-0.21 ,-0.63 
10077,TSPAN32,CD8-C3-CX3CR1,0.64 ,74.39 ,2.62E-86,1.67 ,0.69 ,1.69 ,-0.56 ,-0.43 ,-0.37 ,-0.48 
5912,RAP2B,CD8-C3-CX3CR1,0.64 ,53.43 ,5.83E-62,-0.36 ,0.46 ,1.33 ,-0.57 ,-0.75 ,-0.75 ,-0.40 
22821,RASA3,CD8-C3-CX3CR1,0.64 ,69.24 ,2.18E-80,0.86 ,0.35 ,0.99 ,-0.68 ,-1.04 ,-1.36 ,-0.45 
3684,ITGAM,CD8-C3-CX3CR1,0.63 ,152.69 ,6.52E-172,-0.35 ,-0.11 ,1.82 ,-0.50 ,-0.54 ,-0.39 ,-0.33 
64005,MYO1G,CD8-C3-CX3CR1,0.63 ,33.20 ,6.00E-38,-0.61 ,0.71 ,1.63 ,-0.27 ,-0.08 ,0.35 ,-0.16 
961,CD47,CD8-C3-CX3CR1,0.63 ,31.04 ,2.35E-35,0.08 ,0.64 ,0.97 ,-0.64 ,-0.54 ,-0.63 ,-1.00 
387882,C12orf75,CD8-C3-CX3CR1,0.62 ,61.83 ,8.30E-72,-1.24 ,-0.05 ,2.48 ,0.30 ,0.95 ,1.67 ,0.08 
154075,SAMD3,CD8-C3-CX3CR1,0.62 ,52.10 ,2.14E-60,-0.08 ,1.77 ,2.70 ,2.03 ,0.36 ,0.75 ,0.64 
23108,RAP1GAP2,CD8-C3-CX3CR1,0.62 ,116.32 ,3.65E-133,-0.08 ,0.06 ,1.43 ,-0.48 ,-0.55 ,-0.43 ,-0.15 
9172,MYOM2,CD8-C3-CX3CR1,0.62 ,71.93 ,1.75E-83,-0.16 ,-0.34 ,1.09 ,-0.21 ,-0.44 ,-0.21 ,-0.35 
5216,PFN1,CD8-C3-CX3CR1,0.62 ,51.15 ,2.81E-59,-0.62 ,-0.05 ,0.58 ,-0.03 ,0.13 ,0.55 ,0.05 
6693,SPN,CD8-C3-CX3CR1,0.62 ,41.72 ,4.03E-48,-0.94 ,0.08 ,1.61 ,-0.73 ,0.45 ,0.94 ,0.43 
3676,ITGA4,CD8-C3-CX3CR1,0.62 ,33.23 ,5.54E-38,0.07 ,1.06 ,1.61 ,0.07 ,-0.51 ,0.00 ,0.09 
9368,SLC9A3R1,CD8-C3-CX3CR1,0.62 ,35.24 ,2.18E-40,-0.80 ,0.15 ,1.81 ,0.04 ,0.49 ,1.11 ,0.68 
79888,LPCAT1,CD8-C3-CX3CR1,0.62 ,62.24 ,2.76E-72,-0.42 ,0.24 ,1.59 ,0.26 ,-0.35 ,0.14 ,0.33 
57646,USP28,CD8-C3-CX3CR1,0.62 ,63.57 ,7.81E-74,-0.53 ,0.37 ,2.10 ,0.83 ,-0.08 ,0.27 ,0.19 
9467,SH3BP5,CD8-C3-CX3CR1,0.62 ,49.31 ,4.15E-57,-0.51 ,0.43 ,1.57 ,-0.41 ,-0.22 ,-0.60 ,-0.29 
4267,CD99,CD8-C3-CX3CR1,0.61 ,51.21 ,2.39E-59,-0.76 ,0.05 ,0.76 ,0.33 ,0.36 ,0.28 ,-0.11 
57153,SLC44A2,CD8-C3-CX3CR1,0.61 ,26.82 ,2.67E-30,0.06 ,-0.26 ,0.71 ,-0.84 ,-1.07 ,-0.85 ,-0.32 
57823,SLAMF7,CD8-C3-CX3CR1,0.61 ,88.94 ,7.94E-103,-1.12 ,1.41 ,3.46 ,3.39 ,1.09 ,1.56 ,1.75 
8073,PTP4A2,CD8-C3-CX3CR1,0.61 ,23.34 ,4.03E-26,-0.23 ,0.64 ,1.65 ,0.64 ,0.00 ,0.67 ,-0.24 
896,CCND3,CD8-C3-CX3CR1,0.61 ,30.80 ,4.55E-35,0.78 ,1.06 ,1.30 ,-0.61 ,-0.36 ,-0.13 ,0.76 
8934,RAB29,CD8-C3-CX3CR1,0.61 ,27.32 ,6.81E-31,-0.15 ,0.73 ,1.52 ,0.04 ,-0.26 ,0.43 ,0.58 
23533,PIK3R5,CD8-C3-CX3CR1,0.61 ,32.32 ,6.86E-37,-0.41 ,0.69 ,1.31 ,-0.38 ,-0.28 ,-0.26 ,0.72 
84131,CEP78,CD8-C3-CX3CR1,0.61 ,63.22 ,2.04E-73,-0.22 ,0.00 ,1.73 ,-0.16 ,-0.32 ,0.31 ,-0.18 
9938,ARHGAP25,CD8-C3-CX3CR1,0.61 ,28.78 ,1.18E-32,-0.32 ,0.55 ,1.41 ,0.77 ,-0.61 ,-0.12 ,0.07 
326624,RAB37,CD8-C3-CX3CR1,0.60 ,35.31 ,1.83E-40,0.10 ,0.61 ,1.46 ,-0.16 ,-0.26 ,-0.09 ,0.60 
100505696,SH3BP5-AS1,CD8-C3-CX3CR1,0.60 ,43.04 ,1.09E-49,-0.45 ,0.59 ,1.43 ,-0.44 ,-0.20 ,-0.61 ,-0.39 
114879,OSBPL5,CD8-C3-CX3CR1,0.60 ,103.43 ,4.84E-119,0.00 ,0.00 ,1.63 ,-0.15 ,-0.28 ,-0.08 ,-0.36 
253128,LINC00612,CD8-C3-CX3CR1,0.60 ,78.04 ,1.71E-90,-0.38 ,0.85 ,1.55 ,1.08 ,-0.64 ,-0.29 ,1.43 
1535,CYBA,CD8-C3-CX3CR1,0.60 ,31.46 ,7.48E-36,-1.06 ,0.52 ,1.26 ,0.38 ,0.54 ,0.68 ,0.50 
25777,SUN2,CD8-C3-CX3CR1,0.60 ,17.18 ,9.76E-19,0.31 ,0.24 ,1.16 ,-0.20 ,-0.08 ,-0.04 ,-0.14 
26030,PLEKHG3,CD8-C3-CX3CR1,0.60 ,86.45 ,5.02E-100,-0.48 ,-0.01 ,1.22 ,-0.45 ,-0.47 ,-0.41 ,0.01 
84958,SYTL1,CD8-C3-CX3CR1,0.60 ,23.93 ,7.97E-27,0.06 ,0.45 ,0.86 ,-1.05 ,-0.33 ,-0.27 ,-0.04 
158248,TTC16,CD8-C3-CX3CR1,0.60 ,47.30 ,9.91E-55,-0.07 ,0.05 ,1.53 ,0.16 ,-0.22 ,0.44 ,-0.06 
100130872,LOC100130872,CD8-C3-CX3CR1,0.60 ,33.35 ,4.06E-38,-0.58 ,0.40 ,1.38 ,0.29 ,-0.09 ,-0.02 ,-0.06 
27128,CYTH4,CD8-C3-CX3CR1,0.60 ,18.36 ,3.77E-20,0.10 ,0.18 ,1.54 ,-0.04 ,0.39 ,0.60 ,-0.26 
5579,PRKCB,CD8-C3-CX3CR1,0.59 ,28.33 ,4.14E-32,0.32 ,1.13 ,1.41 ,-0.09 ,-0.06 ,-0.10 ,-0.67 
7414,VCL,CD8-C3-CX3CR1,0.59 ,96.31 ,4.16E-111,-0.18 ,0.29 ,1.42 ,-0.70 ,-0.70 ,-0.45 ,0.05 
3688,ITGB1,CD8-C3-CX3CR1,0.59 ,35.32 ,1.75E-40,-1.42 ,-0.75 ,0.75 ,-1.28 ,-0.14 ,0.27 ,-1.92 
1043,CD52,CD8-C3-CX3CR1,0.59 ,87.48 ,3.56E-101,0.25 ,-0.19 ,0.40 ,-1.67 ,0.35 ,0.07 ,-0.02 
9046,DOK2,CD8-C3-CX3CR1,0.59 ,27.52 ,3.91E-31,-1.31 ,-0.69 ,0.84 ,-0.55 ,-0.15 ,0.74 ,-1.16 
23181,DIP2A,CD8-C3-CX3CR1,0.59 ,14.79 ,6.63E-16,0.63 ,0.74 ,1.25 ,0.14 ,0.20 ,0.02 ,-0.07 
5775,PTPN4,CD8-C3-CX3CR1,0.59 ,19.05 ,5.59E-21,0.46 ,1.04 ,1.73 ,0.07 ,0.36 ,0.78 ,0.41 
51348,KLRF1,CD8-C3-CX3CR1,0.59 ,107.23 ,3.17E-123,-0.25 ,-0.07 ,1.73 ,-0.07 ,-0.35 ,-0.28 ,0.05 
3003,GZMK,CD8-C4-GZMK,0.87 ,445.26 ,0.00E+00,-1.08 ,6.02 ,-0.49 ,7.04 ,0.49 ,1.78 ,3.51 
388372,CCL4L1,CD8-C4-GZMK,0.72 ,214.35 ,9.55E-234,-1.74 ,0.64 ,1.84 ,3.88 ,1.93 ,3.61 ,1.30 
81618,ITM2C,CD8-C4-GZMK,0.70 ,186.81 ,1.12E-206,-0.39 ,0.12 ,-0.98 ,3.53 ,2.24 ,1.55 ,1.67 
972,CD74,CD8-C4-GZMK,0.70 ,133.32 ,1.73E-151,-2.56 ,0.50 ,0.12 ,2.12 ,0.76 ,1.93 ,0.77 
6351,CCL4,CD8-C4-GZMK,0.70 ,239.97 ,3.60E-258,-2.60 ,1.53 ,3.09 ,5.01 ,3.13 ,4.79 ,2.47 
313,AOAH,CD8-C4-GZMK,0.70 ,88.24 ,4.91E-102,-0.68 ,0.89 ,2.57 ,4.51 ,2.52 ,1.39 ,0.18 
7852,CXCR4,CD8-C4-GZMK,0.69 ,64.27 ,1.20E-74,0.05 ,0.57 ,-0.84 ,1.59 ,0.90 ,-0.58 ,1.32 
401124,DTHD1,CD8-C4-GZMK,0.69 ,85.59 ,4.79E-99,-0.75 ,0.83 ,1.11 ,2.80 ,-0.23 ,0.96 ,0.20 
414062,CCL3L3,CD8-C4-GZMK,0.69 ,117.58 ,1.57E-134,-0.47 ,0.56 ,0.38 ,2.46 ,0.22 ,1.85 ,0.58 
6349,CCL3L1,CD8-C4-GZMK,0.67 ,108.91 ,4.60E-125,-0.44 ,0.47 ,0.34 ,2.24 ,0.20 ,1.75 ,0.52 
56650,CLDND1,CD8-C4-GZMK,0.67 ,63.05 ,3.19E-73,-0.31 ,1.23 ,-1.34 ,1.94 ,0.54 ,0.29 ,0.23 
960,CD44,CD8-C4-GZMK,0.66 ,55.76 ,1.09E-64,-0.43 ,-0.09 ,-1.52 ,1.16 ,0.36 ,-0.62 ,0.10 
4068,SH2D1A,CD8-C4-GZMK,0.66 ,49.01 ,9.51E-57,-0.70 ,0.69 ,0.58 ,2.58 ,-0.30 ,1.41 ,0.35 
50852,TRAT1,CD8-C4-GZMK,0.66 ,47.48 ,6.08E-55,-0.71 ,0.15 ,-1.47 ,1.30 ,-0.64 ,-0.66 ,0.30 
8320,EOMES,CD8-C4-GZMK,0.66 ,66.29 ,5.57E-77,-0.55 ,1.57 ,1.50 ,2.81 ,-0.12 ,1.00 ,1.94 
6352,CCL5,CD8-C4-GZMK,0.64 ,500.08 ,0.00E+00,-1.97 ,4.06 ,4.25 ,5.00 ,4.19 ,4.99 ,3.56 
2149,F2R,CD8-C4-GZMK,0.63 ,46.15 ,2.31E-53,-1.30 ,0.45 ,1.60 ,2.65 ,0.93 ,1.37 ,0.43 
123036,TC2N,CD8-C4-GZMK,0.63 ,46.50 ,8.87E-54,0.18 ,1.08 ,0.22 ,1.70 ,0.26 ,-1.71 ,1.53 
399665,FAM102A,CD8-C4-GZMK,0.62 ,100.94 ,2.88E-116,0.62 ,0.36 ,-2.10 ,1.00 ,0.74 ,-0.69 ,0.57 
79037,PVRIG,CD8-C4-GZMK,0.62 ,25.77 ,4.83E-29,-0.47 ,0.98 ,0.18 ,2.00 ,0.51 ,1.18 ,1.80 
9659,PDE4DIP,CD8-C4-GZMK,0.62 ,72.45 ,4.43E-84,-0.45 ,-0.85 ,-1.41 ,1.37 ,0.59 ,0.88 ,0.13 
152100,CMC1,CD8-C4-GZMK,0.62 ,54.77 ,1.56E-63,-0.59 ,1.23 ,1.47 ,2.01 ,-0.19 ,0.56 ,0.15 
56253,CRTAM,CD8-C4-GZMK,0.62 ,38.36 ,4.13E-44,1.04 ,0.63 ,0.70 ,2.77 ,1.38 ,2.54 ,0.30 
140609,NEK7,CD8-C4-GZMK,0.61 ,29.01 ,6.41E-33,-0.40 ,0.27 ,-0.25 ,1.23 ,-0.17 ,0.10 ,1.20 
2041,EPHA1,CD8-C4-GZMK,0.60 ,66.57 ,2.66E-77,0.14 ,-0.44 ,-0.61 ,1.26 ,1.00 ,0.18 ,0.23 
7456,WIPF1,CD8-C4-GZMK,0.59 ,20.03 ,3.80E-22,-1.12 ,0.10 ,0.06 ,1.11 ,0.45 ,0.82 ,0.52 
931,MS4A1,CD8-C4-GZMK,0.59 ,49.88 ,9.08E-58,-0.09 ,0.79 ,-0.14 ,1.33 ,0.23 ,-0.15 ,0.05 
8832,CD84,CD8-C4-GZMK,0.59 ,18.00 ,1.00E-19,-0.48 ,0.76 ,-0.08 ,1.26 ,0.07 ,1.03 ,-1.31 
257101,ZNF683,CD8-C5-ZNF683,0.75 ,207.78 ,2.26E-227,-0.76 ,-0.23 ,0.87 ,-0.01 ,4.79 ,2.96 ,-0.21 
822,CAPG,CD8-C5-ZNF683,0.75 ,318.12 ,0.00E+00,-1.32 ,-1.17 ,-1.92 ,-0.54 ,3.13 ,2.34 ,0.42 
3672,ITGA1,CD8-C5-ZNF683,0.72 ,283.21 ,7.53E-298,-0.75 ,-0.04 ,-0.93 ,1.58 ,3.84 ,3.20 ,0.48 
9262,STK17B,CD8-C5-ZNF683,0.69 ,84.17 ,1.94E-97,-0.18 ,-1.18 ,-1.31 ,-0.01 ,1.06 ,0.83 ,0.03 
3725,JUN,CD8-C5-ZNF683,0.69 ,118.51 ,1.52E-135,-1.40 ,-0.52 ,-1.10 ,0.72 ,2.21 ,1.80 ,1.79 
8728,ADAM19,CD8-C5-ZNF683,0.69 ,155.48 ,8.41E-175,-1.40 ,-1.43 ,-2.01 ,-1.19 ,1.27 ,0.93 ,-0.56 
100529251,CKLF-CMTM1,CD8-C5-ZNF683,0.68 ,108.25 ,2.44E-124,-1.43 ,-0.31 ,-1.06 ,0.10 ,1.62 ,1.31 ,0.89 
51192,CKLF,CD8-C5-ZNF683,0.68 ,105.70 ,1.56E-121,-1.44 ,-0.28 ,-1.04 ,0.10 ,1.63 ,1.32 ,0.91 
2833,CXCR3,CD8-C5-ZNF683,0.67 ,153.61 ,7.31E-173,-1.14 ,0.29 ,-1.69 ,1.88 ,2.40 ,1.45 ,-0.52 
6375,XCL1,CD8-C5-ZNF683,0.67 ,85.55 ,5.27E-99,-0.49 ,0.21 ,0.22 ,0.60 ,2.03 ,0.49 ,-0.35 
53918,PELO,CD8-C5-ZNF683,0.67 ,135.30 ,1.33E-153,-0.58 ,-0.24 ,-0.55 ,0.82 ,2.37 ,2.25 ,0.30 
5476,CTSA,CD8-C5-ZNF683,0.66 ,84.73 ,4.40E-98,-0.34 ,-0.29 ,-1.25 ,-0.66 ,1.99 ,1.65 ,0.90 
5360,PLTP,CD8-C5-ZNF683,0.66 ,82.34 ,2.21E-95,-0.28 ,-0.18 ,-0.84 ,-0.52 ,1.39 ,1.13 ,0.63 
7431,VIM,CD8-C5-ZNF683,0.65 ,45.34 ,2.05E-52,-0.21 ,-0.09 ,-1.25 ,-0.06 ,1.40 ,0.20 ,0.49 
5355,PLP2,CD8-C5-ZNF683,0.65 ,98.68 ,9.50E-114,-0.53 ,-1.19 ,-2.21 ,0.28 ,1.37 ,0.38 ,0.69 
203328,SUSD3,CD8-C5-ZNF683,0.64 ,76.45 ,1.16E-88,0.26 ,-0.41 ,-1.78 ,-0.50 ,0.75 ,0.24 ,-1.21 
969,CD69,CD8-C5-ZNF683,0.64 ,104.67 ,2.12E-120,-1.52 ,-0.01 ,-1.20 ,1.90 ,2.11 ,1.35 ,2.06 
2752,GLUL,CD8-C5-ZNF683,0.64 ,75.41 ,1.79E-87,-1.55 ,-0.47 ,1.61 ,-0.23 ,2.50 ,-0.07 ,0.04 
6282,S100A11,CD8-C5-ZNF683,0.63 ,50.63 ,1.16E-58,-1.67 ,0.07 ,-0.78 ,-1.25 ,0.76 ,0.39 ,-0.60 
7791,ZYX,CD8-C5-ZNF683,0.63 ,38.15 ,7.39E-44,-0.51 ,-0.08 ,0.29 ,0.14 ,2.05 ,1.58 ,0.93 
1154,CISH,CD8-C5-ZNF683,0.62 ,49.53 ,2.29E-57,-0.32 ,-0.84 ,-0.74 ,-0.47 ,1.70 ,0.42 ,1.10 
6846,XCL2,CD8-C5-ZNF683,0.61 ,49.61 ,1.88E-57,-0.55 ,0.33 ,0.68 ,1.04 ,1.83 ,0.46 ,-0.29 
8651,SOCS1,CD8-C5-ZNF683,0.61 ,49.36 ,3.66E-57,-0.86 ,-0.42 ,-0.13 ,-0.29 ,1.44 ,0.72 ,0.05 
5209,PFKFB3,CD8-C5-ZNF683,0.61 ,43.60 ,2.41E-50,-0.73 ,-0.38 ,-1.00 ,-0.24 ,0.63 ,0.21 ,0.01 
116496,FAM129A,CD8-C5-ZNF683,0.61 ,45.22 ,2.88E-52,-2.30 ,0.10 ,-0.48 ,0.69 ,1.26 ,-0.03 ,-0.39 
100271836,SMG1P3,CD8-C5-ZNF683,0.61 ,28.88 ,9.21E-33,-0.10 ,-0.15 ,-0.47 ,0.03 ,0.77 ,0.44 ,0.09 
387254,SLC7A5P2,CD8-C5-ZNF683,0.61 ,25.25 ,2.08E-28,-0.12 ,-0.04 ,-0.36 ,-0.05 ,0.75 ,0.47 ,0.25 
6498,SKIL,CD8-C5-ZNF683,0.60 ,73.76 ,1.40E-85,-1.11 ,-0.78 ,-1.00 ,1.05 ,1.07 ,0.90 ,0.96 
5734,PTGER4,CD8-C5-ZNF683,0.60 ,33.65 ,1.80E-38,-0.84 ,-0.82 ,0.07 ,0.00 ,1.57 ,1.30 ,0.11 
2644,GCHFR,CD8-C5-ZNF683,0.60 ,43.67 ,1.97E-50,-0.33 ,-0.04 ,-0.77 ,0.33 ,0.95 ,-0.25 ,0.92 
57125,PLXDC1,CD8-C5-ZNF683,0.59 ,45.24 ,2.74E-52,0.46 ,0.20 ,-0.50 ,0.64 ,1.10 ,-0.29 ,0.05 
694,BTG1,CD8-C5-ZNF683,0.59 ,23.27 ,4.93E-26,0.42 ,0.38 ,-0.74 ,0.00 ,0.44 ,-0.70 ,-0.08 
23015,GOLGA8A,CD8-C5-ZNF683,0.59 ,15.72 ,5.24E-17,-0.44 ,-0.50 ,-0.87 ,-0.64 ,0.21 ,-0.36 ,-0.14 
10868,USP20,CD8-C5-ZNF683,0.59 ,21.99 ,1.69E-24,0.06 ,-0.62 ,-0.66 ,-0.35 ,0.70 ,0.22 ,-0.15 
5339,PLEC,CD8-C5-ZNF683,0.59 ,30.18 ,2.53E-34,-0.49 ,-0.44 ,-0.88 ,-0.41 ,0.82 ,0.44 ,-0.41 
84868,HAVCR2,CD8-C6-LAYN,0.85 ,408.03 ,0.00E+00,-0.68 ,-0.63 ,-0.59 ,-0.38 ,0.84 ,5.43 ,-0.58 
55423,SIRPG,CD8-C6-LAYN,0.78 ,163.40 ,5.76E-183,0.01 ,-0.66 ,-1.89 ,-0.25 ,0.09 ,3.44 ,0.07 
2597,GAPDH,CD8-C6-LAYN,0.78 ,86.95 ,1.41E-100,-1.76 ,-0.81 ,-0.16 ,0.05 ,0.50 ,1.66 ,0.22 
3682,ITGAE,CD8-C6-LAYN,0.77 ,293.03 ,1.35E-306,-1.12 ,-0.57 ,-1.07 ,0.48 ,3.44 ,4.40 ,0.94 
3002,GZMB,CD8-C6-LAYN,0.76 ,410.79 ,0.00E+00,-2.19 ,-0.97 ,5.22 ,1.20 ,3.68 ,6.28 ,-0.58 
6348,CCL3,CD8-C6-LAYN,0.75 ,179.75 ,1.30E-199,-0.57 ,-0.11 ,0.36 ,1.24 ,0.29 ,4.36 ,0.25 
201633,TIGIT,CD8-C6-LAYN,0.75 ,104.07 ,9.65E-120,-1.68 ,0.29 ,-0.31 ,0.92 ,-0.16 ,3.55 ,-1.59 
953,ENTPD1,CD8-C6-LAYN,0.75 ,157.43 ,8.37E-177,-0.49 ,-0.35 ,-0.65 ,-0.77 ,0.16 ,2.73 ,-0.19 
5133,PDCD1,CD8-C6-LAYN,0.75 ,139.22 ,9.15E-158,-1.59 ,-0.49 ,-0.79 ,0.71 ,0.65 ,3.44 ,-0.16 
3516,RBPJ,CD8-C6-LAYN,0.75 ,200.14 ,6.52E-220,-1.59 ,-1.54 ,-1.94 ,-0.62 ,1.63 ,3.18 ,0.12 
5996,RGS1,CD8-C6-LAYN,0.74 ,364.02 ,0.00E+00,-3.35 ,-1.55 ,-2.99 ,2.55 ,1.29 ,3.29 ,-0.48 
10663,CXCR6,CD8-C6-LAYN,0.74 ,330.84 ,0.00E+00,-2.43 ,-0.77 ,-2.04 ,1.88 ,2.97 ,4.22 ,3.43 
967,CD63,CD8-C6-LAYN,0.73 ,110.71 ,4.95E-127,-1.27 ,-0.11 ,1.07 ,0.20 ,2.56 ,3.89 ,-0.27 
64092,SAMSN1,CD8-C6-LAYN,0.72 ,120.66 ,6.90E-138,-1.95 ,-0.97 ,-1.75 ,-0.30 ,0.89 ,2.32 ,-1.40 
3732,CD82,CD8-C6-LAYN,0.72 ,218.58 ,8.30E-238,-1.58 ,-1.18 ,-2.72 ,-0.47 ,1.44 ,2.21 ,-0.23 
894,CCND2,CD8-C6-LAYN,0.72 ,65.64 ,3.16E-76,-0.29 ,-0.91 ,-0.99 ,-0.46 ,0.09 ,2.47 ,0.18 
728558,ENTPD1-AS1,CD8-C6-LAYN,0.72 ,96.67 ,1.66E-111,-0.16 ,-0.37 ,-0.39 ,-0.48 ,0.00 ,1.85 ,0.07 
3122,HLA-DRA,CD8-C6-LAYN,0.72 ,105.98 ,7.72E-122,-1.97 ,-0.81 ,0.30 ,2.07 ,1.34 ,3.96 ,-0.42 
100528031,FKBP1A-SDCBP2,CD8-C6-LAYN,0.71 ,67.34 ,3.41E-78,-0.04 ,-0.87 ,-0.53 ,-0.57 ,0.44 ,1.81 ,-0.49 
23406,COTL1,CD8-C6-LAYN,0.71 ,201.03 ,8.77E-221,-0.67 ,-0.03 ,-2.23 ,1.16 ,2.16 ,3.06 ,-1.36 
9760,TOX,CD8-C6-LAYN,0.71 ,81.89 ,7.17E-95,-1.37 ,-0.56 ,0.08 ,0.94 ,0.25 ,2.91 ,-0.27 
3001,GZMA,CD8-C6-LAYN,0.71 ,290.70 ,1.54E-304,-3.04 ,2.23 ,3.61 ,4.42 ,2.29 ,4.93 ,3.07 
3604,TNFRSF9,CD8-C6-LAYN,0.71 ,212.74 ,3.43E-232,-0.63 ,-0.48 ,-0.56 ,-0.06 ,-0.30 ,3.11 ,-0.35 
114614,MIR155HG,CD8-C6-LAYN,0.71 ,112.56 ,4.67E-129,-0.80 ,-0.56 ,-0.34 ,0.08 ,0.53 ,2.68 ,-0.33 
2280,FKBP1A,CD8-C6-LAYN,0.71 ,70.25 ,1.52E-81,0.15 ,-1.29 ,-0.82 ,-0.88 ,0.70 ,2.51 ,-0.72 
7167,TPI1,CD8-C6-LAYN,0.71 ,57.11 ,2.84E-66,-0.44 ,-0.82 ,-0.27 ,-1.01 ,0.70 ,2.46 ,-0.12 
3821,KLRC1,CD8-C6-LAYN,0.71 ,110.50 ,8.48E-127,-0.31 ,0.26 ,0.09 ,0.18 ,2.41 ,2.77 ,0.39 
60489,APOBEC3G,CD8-C6-LAYN,0.70 ,127.95 ,9.62E-146,-2.16 ,-0.67 ,1.32 ,2.80 ,2.30 ,4.14 ,1.22 
1509,CTSD,CD8-C6-LAYN,0.70 ,79.57 ,3.06E-92,-1.38 ,-0.77 ,0.47 ,0.29 ,2.00 ,3.31 ,-0.29 
10563,CXCL13,CD8-C6-LAYN,0.70 ,238.80 ,4.43E-257,-0.52 ,-0.50 ,-0.58 ,-0.34 ,0.22 ,3.63 ,-0.70 
3458,IFNG,CD8-C6-LAYN,0.70 ,115.97 ,8.72E-133,-0.60 ,-0.23 ,0.25 ,0.61 ,0.68 ,3.67 ,-0.31 
1846,DUSP4,CD8-C6-LAYN,0.70 ,152.20 ,2.06E-171,-0.93 ,-0.79 ,-1.12 ,0.42 ,0.30 ,2.64 ,-0.24 
27350,APOBEC3C,CD8-C6-LAYN,0.70 ,79.06 ,1.17E-91,-1.89 ,-0.88 ,1.13 ,1.39 ,1.29 ,3.27 ,0.92 
1130,LYST,CD8-C6-LAYN,0.70 ,84.09 ,2.37E-97,-0.86 ,0.71 ,0.61 ,2.29 ,-0.20 ,3.45 ,0.19 
2848,GPR25,CD8-C6-LAYN,0.70 ,155.71 ,4.90E-175,-0.60 ,-0.44 ,-0.53 ,-0.46 ,1.24 ,2.12 ,-0.14 
924,CD7,CD8-C6-LAYN,0.69 ,115.41 ,3.60E-132,0.74 ,0.09 ,-0.36 ,-0.65 ,1.71 ,2.07 ,0.52 
356,FASLG,CD8-C6-LAYN,0.69 ,83.05 ,3.59E-96,-0.97 ,-0.66 ,0.59 ,1.59 ,1.65 ,3.54 ,0.45 
54,ACP5,CD8-C6-LAYN,0.69 ,121.32 ,1.33E-138,-0.71 ,-0.84 ,-0.68 ,-0.52 ,0.54 ,2.67 ,-0.08 
200316,APOBEC3F,CD8-C6-LAYN,0.69 ,64.54 ,5.97E-75,-0.67 ,-0.47 ,0.04 ,1.04 ,0.85 ,1.89 ,0.61 
684,BST2,CD8-C6-LAYN,0.69 ,44.68 ,1.26E-51,-0.68 ,-0.44 ,-0.05 ,-0.03 ,0.56 ,2.67 ,-0.07 
55824,PAG1,CD8-C6-LAYN,0.69 ,86.88 ,1.65E-100,0.52 ,0.03 ,-1.68 ,-0.70 ,0.67 ,2.06 ,-0.03 
3127,HLA-DRB5,CD8-C6-LAYN,0.69 ,201.31 ,4.75E-221,-2.88 ,0.02 ,2.05 ,2.46 ,1.27 ,3.25 ,-0.98 
11315,PARK7,CD8-C6-LAYN,0.69 ,38.31 ,4.74E-44,-0.17 ,-0.54 ,-0.11 ,-0.60 ,0.06 ,2.32 ,-0.23 
9901,SRGAP3,CD8-C6-LAYN,0.69 ,155.79 ,4.13E-175,-0.51 ,-0.52 ,-0.55 ,-0.27 ,0.94 ,2.29 ,-0.05 
3128,HLA-DRB6,CD8-C6-LAYN,0.69 ,183.38 ,3.03E-203,-2.68 ,-0.16 ,1.87 ,2.37 ,1.13 ,3.12 ,-0.87 
3887,KRT81,CD8-C6-LAYN,0.69 ,153.00 ,3.13E-172,-0.16 ,-0.10 ,-0.14 ,-0.10 ,0.21 ,1.92 ,0.10 
678655,CD27-AS1,CD8-C6-LAYN,0.68 ,138.00 ,1.82E-156,1.47 ,1.07 ,-2.23 ,0.64 ,-0.36 ,2.13 ,-1.08 
939,CD27,CD8-C6-LAYN,0.68 ,139.32 ,7.40E-158,1.55 ,1.12 ,-2.40 ,0.68 ,-0.39 ,2.21 ,-1.12 
3902,LAG3,CD8-C6-LAYN,0.68 ,72.32 ,6.27E-84,-0.55 ,0.47 ,0.65 ,1.45 ,1.81 ,3.50 ,1.60 
3892,KRT86,CD8-C6-LAYN,0.68 ,162.05 ,1.43E-181,-0.22 ,-0.14 ,-0.17 ,-0.10 ,0.31 ,2.42 ,0.05 
7133,TNFRSF1B,CD8-C6-LAYN,0.68 ,54.00 ,1.25E-62,-2.24 ,-0.99 ,0.22 ,-0.82 ,0.04 ,2.03 ,-0.24 
241,ALOX5AP,CD8-C6-LAYN,0.68 ,107.60 ,1.26E-123,-1.73 ,-0.24 ,-0.82 ,0.59 ,2.28 ,2.57 ,1.27 
22822,PHLDA1,CD8-C6-LAYN,0.68 ,150.38 ,1.66E-169,-0.65 ,-0.64 ,-0.83 ,-0.71 ,0.48 ,2.24 ,-0.30 
4599,MX1,CD8-C6-LAYN,0.68 ,68.50 ,1.54E-79,-0.92 ,-1.08 ,-1.25 ,0.39 ,0.51 ,1.92 ,-0.23 
2537,IFI6,CD8-C6-LAYN,0.68 ,38.53 ,2.55E-44,-0.81 ,-0.79 ,-0.18 ,0.27 ,0.32 ,2.01 ,-0.06 
3123,HLA-DRB1,CD8-C6-LAYN,0.68 ,205.13 ,8.75E-225,-3.07 ,-0.02 ,2.22 ,2.66 ,1.35 ,3.39 ,-0.91 
5778,PTPN7,CD8-C6-LAYN,0.67 ,65.09 ,1.38E-75,-1.98 ,-0.63 ,-0.18 ,0.28 ,1.26 ,2.58 ,0.09 
406947,MIR155,CD8-C6-LAYN,0.67 ,82.35 ,2.21E-95,-0.37 ,-0.29 ,-0.15 ,-0.03 ,0.17 ,1.38 ,-0.14 
10625,IVNS1ABP,CD8-C6-LAYN,0.67 ,66.59 ,2.55E-77,-0.68 ,-0.75 ,-0.62 ,-0.95 ,1.37 ,2.16 ,1.18 
100616438,MIR4632,CD8-C6-LAYN,0.67 ,41.74 ,3.86E-48,-0.99 ,-0.49 ,0.02 ,-0.53 ,-0.06 ,1.12 ,-0.23 
9452,ITM2A,CD8-C6-LAYN,0.67 ,51.94 ,3.27E-60,-1.79 ,-0.64 ,-0.61 ,0.85 ,0.32 ,2.18 ,-0.81 
4647,MYO7A,CD8-C6-LAYN,0.67 ,178.84 ,1.06E-198,-0.51 ,-0.45 ,-0.47 ,-0.36 ,0.82 ,2.48 ,-0.26 
2590,GALNT2,CD8-C6-LAYN,0.67 ,60.53 ,2.78E-70,-0.01 ,-0.23 ,-0.18 ,-0.04 ,0.89 ,2.16 ,0.17 
5315,PKM,CD8-C6-LAYN,0.67 ,35.91 ,3.52E-41,-0.69 ,-1.13 ,-1.19 ,-1.14 ,-0.18 ,1.26 ,0.04 
3119,HLA-DQB1,CD8-C6-LAYN,0.67 ,74.64 ,1.36E-86,-1.67 ,-0.31 ,0.43 ,1.55 ,0.69 ,2.35 ,-0.81 
308,ANXA5,CD8-C6-LAYN,0.67 ,49.11 ,7.22E-57,-1.67 ,-0.13 ,-0.24 ,-0.02 ,0.91 ,2.45 ,0.15 
79931,TNIP3,CD8-C6-LAYN,0.66 ,94.84 ,1.84E-109,-0.70 ,0.28 ,-0.13 ,1.38 ,1.15 ,2.81 ,-0.38 
196,AHR,CD8-C6-LAYN,0.66 ,42.10 ,1.44E-48,-0.43 ,-0.71 ,-0.93 ,-0.30 ,0.25 ,0.63 ,-0.52 
3822,KLRC2,CD8-C6-LAYN,0.66 ,53.75 ,2.47E-62,0.15 ,0.63 ,0.74 ,0.58 ,1.94 ,2.66 ,-0.05 
5873,RAB27A,CD8-C6-LAYN,0.66 ,58.65 ,4.42E-68,-0.99 ,-0.22 ,0.52 ,0.79 ,1.21 ,3.02 ,-0.41 
3108,HLA-DMA,CD8-C6-LAYN,0.66 ,65.25 ,8.93E-76,-0.94 ,-0.06 ,-0.11 ,1.18 ,0.41 ,2.68 ,-0.52 
3418,IDH2,CD8-C6-LAYN,0.66 ,48.13 ,1.03E-55,-1.09 ,-0.38 ,1.01 ,0.68 ,1.28 ,2.97 ,-0.78 
2530,FUT8,CD8-C6-LAYN,0.66 ,72.32 ,6.31E-84,-0.18 ,-0.30 ,-0.61 ,-0.16 ,0.64 ,1.99 ,0.07 
5359,PLSCR1,CD8-C6-LAYN,0.66 ,55.71 ,1.23E-64,-0.65 ,-0.26 ,-0.31 ,0.74 ,0.93 ,2.25 ,0.37 
3398,ID2,CD8-C6-LAYN,0.66 ,80.83 ,1.17E-93,-0.11 ,0.42 ,2.27 ,-0.03 ,2.40 ,3.22 ,2.15 
3560,IL2RB,CD8-C6-LAYN,0.66 ,58.46 ,7.42E-68,-1.72 ,0.30 ,0.22 ,0.80 ,1.61 ,2.60 ,0.14 
26191,PTPN22,CD8-C6-LAYN,0.66 ,73.83 ,1.15E-85,-1.57 ,-0.46 ,0.62 ,0.70 ,2.19 ,2.98 ,1.20 
9636,ISG15,CD8-C6-LAYN,0.66 ,36.79 ,3.06E-42,-0.53 ,-0.73 ,-0.59 ,0.05 ,0.43 ,1.55 ,0.12 
79890,RIN3,CD8-C6-LAYN,0.66 ,28.86 ,9.47E-33,0.35 ,-0.04 ,0.36 ,-0.26 ,0.68 ,1.52 ,-0.18 
925,CD8A,CD8-C6-LAYN,0.66 ,72.64 ,2.69E-84,4.17 ,5.89 ,6.07 ,6.42 ,6.13 ,6.93 ,6.38 
3958,LGALS3,CD8-C6-LAYN,0.66 ,182.51 ,2.23E-202,-1.64 ,-0.82 ,-1.67 ,-0.50 ,1.76 ,1.79 ,0.79 
79713,IGFLR1,CD8-C6-LAYN,0.65 ,35.94 ,3.19E-41,0.26 ,-0.37 ,-0.78 ,-1.08 ,-0.36 ,1.55 ,0.25 
9232,PTTG1,CD8-C6-LAYN,0.65 ,68.35 ,2.35E-79,-0.88 ,-0.63 ,-0.47 ,-0.15 ,0.18 ,1.83 ,-0.59 
5230,PGK1,CD8-C6-LAYN,0.65 ,66.40 ,4.26E-77,0.03 ,-0.89 ,-0.98 ,-0.64 ,1.44 ,1.91 ,0.28 
3113,HLA-DPA1,CD8-C6-LAYN,0.65 ,142.66 ,2.13E-161,-1.82 ,0.45 ,2.00 ,2.54 ,1.16 ,2.83 ,-0.28 
6628,SNRPB,CD8-C6-LAYN,0.65 ,28.67 ,1.61E-32,-0.95 ,-0.36 ,0.20 ,-0.16 ,0.22 ,2.07 ,-0.24 
8638,OASL,CD8-C6-LAYN,0.65 ,63.07 ,3.00E-73,-1.15 ,-0.91 ,0.07 ,1.22 ,1.21 ,2.58 ,-0.29 
3939,LDHA,CD8-C6-LAYN,0.65 ,48.88 ,1.32E-56,-1.13 ,-1.64 ,-0.99 ,0.03 ,0.81 ,1.82 ,0.65 
54602,NDFIP2,CD8-C6-LAYN,0.65 ,104.56 ,2.81E-120,-0.80 ,-0.74 ,-0.79 ,-0.27 ,0.46 ,2.11 ,-0.01 
64333,ARHGAP9,CD8-C6-LAYN,0.65 ,33.12 ,7.51E-38,-0.20 ,-0.67 ,-0.53 ,0.37 ,0.59 ,1.92 ,-0.59 
6503,SLA,CD8-C6-LAYN,0.65 ,41.14 ,2.01E-47,-1.84 ,-0.86 ,-0.51 ,0.12 ,0.66 ,1.53 ,0.34 
10561,IFI44,CD8-C6-LAYN,0.65 ,53.73 ,2.62E-62,-1.34 ,-0.91 ,-1.49 ,-0.23 ,0.67 ,1.00 ,0.90 
140564,APOBEC3D,CD8-C6-LAYN,0.65 ,27.63 ,2.85E-31,-0.38 ,-0.61 ,0.00 ,0.80 ,0.31 ,1.27 ,0.43 
339789,LINC00299,CD8-C6-LAYN,0.64 ,76.14 ,2.60E-88,-0.32 ,-0.14 ,0.05 ,-0.25 ,0.15 ,1.61 ,0.07 
3150,HMGN1,CD8-C6-LAYN,0.64 ,25.45 ,1.18E-28,0.15 ,-0.68 ,-0.49 ,-0.55 ,0.08 ,1.57 ,-0.04 
4046,LSP1,CD8-C6-LAYN,0.64 ,35.50 ,1.08E-40,-0.56 ,-0.94 ,0.61 ,-0.11 ,0.58 ,1.65 ,0.68 
7979,SEM1,CD8-C6-LAYN,0.64 ,22.76 ,2.01E-25,-0.52 ,-0.55 ,-0.28 ,-0.07 ,0.22 ,1.07 ,-0.19 
10130,PDIA6,CD8-C6-LAYN,0.64 ,41.92 ,2.34E-48,-1.37 ,-0.58 ,0.11 ,-0.30 ,0.70 ,2.32 ,0.89 
10964,IFI44L,CD8-C6-LAYN,0.64 ,47.47 ,6.26E-55,-0.63 ,-0.78 ,-1.03 ,0.14 ,0.74 ,1.08 ,0.85 
10591,DNPH1,CD8-C6-LAYN,0.64 ,52.87 ,2.67E-61,-0.33 ,-0.94 ,-1.06 ,-0.63 ,-0.30 ,0.88 ,-0.60 
27240,SIT1,CD8-C6-LAYN,0.64 ,27.04 ,1.44E-30,-0.94 ,-0.22 ,-0.28 ,-0.47 ,0.26 ,1.75 ,0.18 
100528022,BLOC1S1-RDH5,CD8-C6-LAYN,0.64 ,22.83 ,1.65E-25,-0.33 ,-0.10 ,0.23 ,-0.19 ,0.43 ,1.49 ,-0.35 
860,RUNX2,CD8-C6-LAYN,0.64 ,74.36 ,2.82E-86,0.11 ,-0.60 ,-1.10 ,-0.75 ,0.92 ,0.97 ,0.85 
83982,IFI27L2,CD8-C6-LAYN,0.64 ,21.66 ,4.23E-24,-0.39 ,-0.31 ,0.06 ,0.07 ,0.35 ,1.10 ,0.06 
22806,IKZF3,CD8-C6-LAYN,0.64 ,36.86 ,2.54E-42,-1.12 ,0.46 ,0.43 ,1.26 ,1.12 ,2.30 ,1.05 
2647,BLOC1S1,CD8-C6-LAYN,0.64 ,22.20 ,9.44E-25,-0.40 ,-0.09 ,0.24 ,-0.19 ,0.44 ,1.51 ,-0.38 
387,RHOA,CD8-C6-LAYN,0.64 ,30.02 ,3.87E-34,-1.19 ,-0.32 ,0.49 ,-0.38 ,0.32 ,1.68 ,0.24 
808,CALM3,CD8-C6-LAYN,0.64 ,20.08 ,3.27E-22,0.02 ,-0.44 ,-0.32 ,-0.59 ,-0.13 ,1.20 ,-0.50 
83666,PARP9,CD8-C6-LAYN,0.63 ,21.93 ,1.97E-24,-0.54 ,-0.94 ,-0.42 ,-0.01 ,0.20 ,1.54 ,-0.09 
4643,MYO1E,CD8-C6-LAYN,0.63 ,86.93 ,1.50E-100,-0.16 ,-0.14 ,-0.16 ,-0.10 ,0.13 ,1.28 ,-0.14 
5902,RANBP1,CD8-C6-LAYN,0.63 ,34.32 ,2.80E-39,0.00 ,-0.36 ,-0.38 ,-0.47 ,-0.15 ,1.64 ,-0.22 
4938,OAS1,CD8-C6-LAYN,0.63 ,27.59 ,3.20E-31,-0.95 ,-0.51 ,-0.67 ,-0.03 ,-0.18 ,1.15 ,0.13 
57205,ATP10D,CD8-C6-LAYN,0.63 ,42.47 ,5.18E-49,-0.40 ,-0.31 ,-0.23 ,0.15 ,0.95 ,1.13 ,0.56 
9158,FIBP,CD8-C6-LAYN,0.63 ,30.01 ,3.99E-34,-0.32 ,-0.35 ,0.45 ,-0.11 ,0.29 ,1.85 ,-0.04 
6836,SURF4,CD8-C6-LAYN,0.63 ,33.55 ,2.33E-38,-1.31 ,-0.50 ,0.11 ,0.01 ,0.81 ,2.16 ,0.39 
3430,IFI35,CD8-C6-LAYN,0.63 ,29.21 ,3.65E-33,-0.36 ,-0.25 ,-0.08 ,0.33 ,0.37 ,2.11 ,-0.36 
1493,CTLA4,CD8-C6-LAYN,0.63 ,128.19 ,5.34E-146,-1.32 ,-1.30 ,-1.30 ,-1.22 ,-0.60 ,1.35 ,-1.23 
112597,CYTOR,CD8-C6-LAYN,0.63 ,39.40 ,2.36E-45,-1.06 ,-0.45 ,-0.17 ,0.36 ,0.27 ,0.99 ,-1.13 
6904,TBCD,CD8-C6-LAYN,0.63 ,124.69 ,2.98E-142,-0.75 ,-0.46 ,-0.95 ,1.73 ,2.35 ,2.38 ,0.92 
26267,FBXO10,CD8-C6-LAYN,0.63 ,25.04 ,3.70E-28,-0.31 ,-0.24 ,-0.31 ,-0.35 ,0.26 ,1.34 ,-0.03 
55252,ASXL2,CD8-C6-LAYN,0.63 ,30.50 ,1.05E-34,-0.35 ,-0.12 ,-0.31 ,0.26 ,0.52 ,1.63 ,-0.18 
7188,TRAF5,CD8-C6-LAYN,0.63 ,37.92 ,1.39E-43,-0.03 ,0.05 ,-0.81 ,-0.29 ,0.57 ,1.62 ,0.02 
10225,CD96,CD8-C6-LAYN,0.63 ,85.70 ,3.54E-99,-0.19 ,-0.29 ,-0.97 ,0.87 ,2.02 ,2.03 ,1.73 
100506755,MIR497HG,CD8-C6-LAYN,0.63 ,32.26 ,8.03E-37,-0.55 ,-1.18 ,-0.34 ,-0.63 ,0.15 ,1.49 ,-0.48 
84174,SLA2,CD8-C6-LAYN,0.63 ,37.61 ,3.24E-43,-0.22 ,-0.33 ,0.12 ,0.72 ,1.38 ,2.32 ,0.10 
5725,PTBP1,CD8-C6-LAYN,0.63 ,15.82 ,4.04E-17,-0.08 ,-0.18 ,-0.27 ,-0.32 ,-0.04 ,1.39 ,0.37 
245973,ATP6V1C2,CD8-C6-LAYN,0.63 ,38.62 ,2.00E-44,-1.14 ,-0.52 ,0.12 ,-0.34 ,0.55 ,1.93 ,0.62 
94240,EPSTI1,CD8-C6-LAYN,0.63 ,39.87 ,6.46E-46,-1.15 ,-1.37 ,-0.89 ,-0.07 ,-0.03 ,1.19 ,-0.87 
92906,HNRNPLL,CD8-C6-LAYN,0.63 ,51.49 ,1.11E-59,-1.38 ,-0.52 ,-1.11 ,0.53 ,-0.52 ,1.23 ,-0.74 
83442,SH3BGRL3,CD8-C6-LAYN,0.63 ,55.58 ,1.74E-64,-0.78 ,0.03 ,0.64 ,-0.02 ,0.60 ,0.90 ,0.17 
2787,GNG5,CD8-C6-LAYN,0.63 ,18.27 ,4.79E-20,-0.23 ,-0.44 ,0.01 ,-0.31 ,0.02 ,1.25 ,0.26 
9144,SYNGR2,CD8-C6-LAYN,0.63 ,24.49 ,1.69E-27,-0.04 ,-0.48 ,-0.76 ,-0.79 ,0.02 ,1.31 ,0.12 
1021,CDK6,CD8-C6-LAYN,0.63 ,35.37 ,1.55E-40,-0.59 ,-0.45 ,-0.31 ,-0.18 ,0.86 ,1.38 ,0.39 
868,CBLB,CD8-C6-LAYN,0.63 ,31.27 ,1.24E-35,-0.49 ,1.63 ,0.32 ,1.54 ,0.95 ,2.32 ,0.14 
976,ADGRE5,CD8-C6-LAYN,0.62 ,38.64 ,1.93E-44,-1.02 ,-0.58 ,1.09 ,1.23 ,1.59 ,2.36 ,0.76 
2171,FABP5,CD8-C6-LAYN,0.62 ,82.88 ,5.54E-96,-0.08 ,-0.14 ,-0.15 ,0.26 ,0.19 ,1.31 ,0.00 
7416,VDAC1,CD8-C6-LAYN,0.62 ,26.98 ,1.70E-30,-0.75 ,-0.77 ,-0.35 ,-0.19 ,0.32 ,1.59 ,0.47 
25824,PRDX5,CD8-C6-LAYN,0.62 ,21.23 ,1.37E-23,-0.12 ,-0.45 ,-0.02 ,-0.13 ,0.13 ,1.70 ,0.05 
23231,SEL1L3,CD8-C6-LAYN,0.62 ,51.46 ,1.21E-59,-0.61 ,-0.25 ,-0.63 ,0.21 ,0.89 ,1.60 ,0.31 
9377,COX5A,CD8-C6-LAYN,0.62 ,23.75 ,1.29E-26,-0.43 ,-0.13 ,-0.12 ,-0.37 ,0.38 ,1.63 ,-0.55 
5552,SRGN,CD8-C6-LAYN,0.62 ,127.74 ,1.62E-145,-2.74 ,0.01 ,0.75 ,1.18 ,0.53 ,1.39 ,0.67 
2589,GALNT1,CD8-C6-LAYN,0.62 ,21.92 ,2.05E-24,-0.35 ,-0.04 ,0.01 ,-0.03 ,0.22 ,1.13 ,-0.08 
4061,LY6E,CD8-C6-LAYN,0.62 ,22.93 ,1.26E-25,-0.68 ,-0.52 ,0.35 ,-0.06 ,0.55 ,1.76 ,-0.41 
8611,PLPP1,CD8-C6-LAYN,0.62 ,42.99 ,1.26E-49,0.14 ,-0.03 ,-0.31 ,-0.22 ,0.24 ,1.57 ,-0.40 
3428,IFI16,CD8-C6-LAYN,0.62 ,37.90 ,1.45E-43,-1.82 ,-0.35 ,0.14 ,0.72 ,0.26 ,1.53 ,-0.46 
1757,SARDH,CD8-C6-LAYN,0.62 ,131.19 ,3.22E-149,-0.45 ,-0.53 ,-0.67 ,-0.36 ,0.25 ,2.10 ,-0.16 
51371,POMP,CD8-C6-LAYN,0.62 ,20.71 ,5.75E-23,-0.70 ,-0.32 ,0.23 ,-0.20 ,0.25 ,1.41 ,-0.08 
23518,R3HDM1,CD8-C6-LAYN,0.62 ,17.47 ,4.38E-19,-0.07 ,-0.12 ,-0.18 ,-0.10 ,0.15 ,1.20 ,-0.15 
11274,USP18,CD8-C6-LAYN,0.62 ,36.73 ,3.60E-42,-0.29 ,-0.36 ,-0.40 ,0.31 ,0.33 ,1.26 ,0.43 
5573,PRKAR1A,CD8-C6-LAYN,0.62 ,19.37 ,2.33E-21,-0.71 ,-0.20 ,0.00 ,-0.27 ,0.33 ,1.57 ,1.36 
914,CD2,CD8-C6-LAYN,0.62 ,77.08 ,2.14E-89,-1.82 ,-0.17 ,-0.02 ,0.67 ,1.22 ,1.33 ,-0.26 
101409257,EZR-AS1,CD8-C6-LAYN,0.62 ,31.91 ,2.16E-36,-0.91 ,-0.17 ,-0.29 ,0.09 ,0.46 ,1.13 ,0.80 
8565,YARS,CD8-C6-LAYN,0.62 ,20.50 ,1.03E-22,-0.55 ,-0.15 ,0.13 ,0.55 ,0.60 ,1.92 ,0.44 
8655,DYNLL1,CD8-C6-LAYN,0.62 ,29.10 ,4.95E-33,-0.89 ,-0.83 ,0.01 ,-0.72 ,0.33 ,1.41 ,-0.05 
10051,SMC4,CD8-C6-LAYN,0.62 ,31.10 ,2.02E-35,-0.58 ,-0.64 ,-0.32 ,0.09 ,0.19 ,1.83 ,-0.29 
133874,C5orf58,CD8-C6-LAYN,0.62 ,26.17 ,1.62E-29,-0.49 ,-0.35 ,-0.36 ,-0.12 ,0.73 ,0.84 ,0.12 
64098,PARVG,CD8-C6-LAYN,0.62 ,24.52 ,1.54E-27,0.10 ,0.44 ,-0.33 ,0.59 ,0.88 ,1.81 ,0.64 
4939,OAS2,CD8-C6-LAYN,0.62 ,16.12 ,1.76E-17,-0.36 ,-0.51 ,-0.23 ,-0.03 ,0.14 ,1.47 ,0.64 
11262,SP140,CD8-C6-LAYN,0.62 ,20.67 ,6.43E-23,-0.60 ,-0.53 ,-0.39 ,0.15 ,0.44 ,1.42 ,0.43 
5144,PDE4D,CD8-C6-LAYN,0.62 ,41.34 ,1.14E-47,-0.63 ,0.04 ,-0.46 ,-0.04 ,0.97 ,1.22 ,0.89 
7319,UBE2A,CD8-C6-LAYN,0.62 ,28.05 ,9.01E-32,-0.59 ,-0.67 ,0.11 ,-0.12 ,0.47 ,1.83 ,-0.01 
55501,CHST12,CD8-C6-LAYN,0.62 ,33.07 ,8.69E-38,-0.72 ,0.37 ,1.54 ,0.71 ,1.25 ,2.50 ,0.29 
8464,SUPT3H,CD8-C6-LAYN,0.62 ,21.24 ,1.36E-23,0.51 ,0.10 ,-0.37 ,0.60 ,0.47 ,0.95 ,0.32 
3315,HSPB1,CD8-C6-LAYN,0.62 ,36.94 ,2.05E-42,0.52 ,-0.78 ,-0.53 ,-0.92 ,-0.06 ,0.82 ,-1.01 
91543,RSAD2,CD8-C6-LAYN,0.62 ,27.76 ,2.01E-31,-0.31 ,-0.51 ,-0.31 ,0.51 ,0.62 ,1.13 ,0.60 
130589,GALM,CD8-C6-LAYN,0.62 ,45.02 ,4.98E-52,-1.39 ,-0.79 ,-1.14 ,0.16 ,-0.39 ,1.38 ,-0.35 
389,RHOC,CD8-C6-LAYN,0.62 ,39.37 ,2.58E-45,-1.33 ,-0.93 ,0.33 ,-0.35 ,0.48 ,1.64 ,0.72 
3937,LCP2,CD8-C6-LAYN,0.62 ,37.15 ,1.14E-42,-0.50 ,-0.42 ,-0.47 ,0.04 ,0.97 ,1.18 ,0.12 
146712,B3GNTL1,CD8-C6-LAYN,0.62 ,90.44 ,1.65E-104,-0.59 ,-0.38 ,-0.70 ,1.03 ,1.49 ,1.52 ,0.85 
20,ABCA2,CD8-C6-LAYN,0.62 ,17.75 ,2.04E-19,-0.42 ,0.40 ,0.60 ,-0.07 ,0.64 ,1.24 ,0.08 
5610,EIF2AK2,CD8-C6-LAYN,0.62 ,24.02 ,6.10E-27,-0.30 ,-0.39 ,-0.52 ,0.48 ,0.60 ,1.47 ,-0.28 
9246,UBE2L6,CD8-C6-LAYN,0.62 ,23.78 ,1.19E-26,-0.11 ,-0.83 ,-0.25 ,0.27 ,0.71 ,1.95 ,0.44 
606724,LOC606724,CD8-C6-LAYN,0.62 ,18.78 ,1.18E-20,-0.50 ,-0.47 ,0.10 ,-0.03 ,0.21 ,0.81 ,0.38 
2821,GPI,CD8-C6-LAYN,0.62 ,20.05 ,3.52E-22,-0.60 ,-0.47 ,0.02 ,-0.08 ,0.51 ,1.82 ,0.87 
2130,EWSR1,CD8-C6-LAYN,0.62 ,15.67 ,5.93E-17,0.16 ,-0.51 ,-0.13 ,0.02 ,0.06 ,1.63 ,0.68 
1075,CTSC,CD8-C6-LAYN,0.61 ,64.47 ,7.08E-75,-2.05 ,-0.78 ,1.69 ,0.63 ,0.26 ,2.28 ,0.62 
518,ATP5G3,CD8-C6-LAYN,0.61 ,20.16 ,2.62E-22,0.05 ,-0.50 ,0.13 ,-0.65 ,0.25 ,1.44 ,-0.76 
151636,DTX3L,CD8-C6-LAYN,0.61 ,8.87 ,5.62E-09,0.09 ,0.01 ,-0.09 ,-0.15 ,0.27 ,1.01 ,0.68 
10589,DRAP1,CD8-C6-LAYN,0.61 ,19.49 ,1.65E-21,0.17 ,-0.07 ,0.09 ,0.28 ,0.79 ,1.67 ,0.32 
5997,RGS2,CD8-C6-LAYN,0.61 ,53.50 ,4.73E-62,-0.59 ,-0.32 ,-0.20 ,0.43 ,0.46 ,2.17 ,0.85 
2634,GBP2,CD8-C6-LAYN,0.61 ,17.13 ,1.12E-18,-0.25 ,-0.25 ,-0.27 ,-0.55 ,-0.41 ,1.40 ,0.43 
8775,NAPA,CD8-C6-LAYN,0.61 ,16.97 ,1.71E-18,-0.19 ,-0.67 ,0.02 ,-0.32 ,0.25 ,1.56 ,0.32 
22930,RAB3GAP1,CD8-C6-LAYN,0.61 ,60.18 ,7.02E-70,0.64 ,-0.59 ,-1.03 ,-0.28 ,0.20 ,1.15 ,-0.44 
10923,SUB1,CD8-C6-LAYN,0.61 ,18.61 ,1.90E-20,-0.48 ,-0.69 ,0.36 ,-0.02 ,-0.17 ,1.25 ,-0.21 
51056,LAP3,CD8-C6-LAYN,0.61 ,20.02 ,3.87E-22,-0.33 ,-0.28 ,-0.27 ,0.04 ,0.15 ,1.45 ,-0.42 
51593,SRRT,CD8-C6-LAYN,0.61 ,20.83 ,4.20E-23,-0.03 ,-0.25 ,-0.13 ,0.30 ,0.49 ,1.56 ,-0.41 
51225,ABI3,CD8-C6-LAYN,0.61 ,56.63 ,1.03E-65,-1.11 ,0.00 ,2.29 ,1.28 ,1.64 ,3.12 ,1.29 
3823,KLRC3,CD8-C6-LAYN,0.61 ,28.28 ,4.71E-32,0.40 ,0.84 ,0.93 ,0.78 ,1.78 ,2.42 ,-0.12 
3151,HMGN2,CD8-C6-LAYN,0.61 ,14.00 ,5.78E-15,0.22 ,-0.45 ,0.09 ,-0.18 ,-0.14 ,1.01 ,0.08 
10312,TCIRG1,CD8-C6-LAYN,0.61 ,22.04 ,1.48E-24,-1.19 ,0.15 ,-0.09 ,-0.35 ,0.51 ,1.33 ,0.43 
7918,GPANK1,CD8-C6-LAYN,0.61 ,14.69 ,8.74E-16,0.04 ,-0.28 ,-0.07 ,-0.33 ,-0.18 ,1.09 ,-0.26 
6774,STAT3,CD8-C6-LAYN,0.61 ,17.23 ,8.35E-19,-0.64 ,-0.46 ,-0.33 ,-0.45 ,0.32 ,1.32 ,0.15 
55601,DDX60,CD8-C6-LAYN,0.61 ,13.67 ,1.44E-14,-0.28 ,-0.15 ,-0.18 ,0.49 ,0.61 ,1.26 ,0.59 
5066,PAM,CD8-C6-LAYN,0.61 ,19.69 ,9.49E-22,-0.98 ,-0.19 ,0.04 ,-0.24 ,-0.23 ,1.11 ,-0.12 
81502,HM13,CD8-C6-LAYN,0.61 ,20.69 ,6.18E-23,-0.08 ,0.04 ,-0.48 ,-0.32 ,0.27 ,1.51 ,0.45 
7273,TTN,CD8-C6-LAYN,0.61 ,37.03 ,1.59E-42,0.63 ,-0.89 ,-1.13 ,0.38 ,-0.24 ,1.38 ,-0.43 
11145,PLA2G16,CD8-C6-LAYN,0.61 ,38.21 ,6.22E-44,-0.67 ,0.11 ,0.41 ,1.04 ,0.47 ,2.10 ,0.38 
11151,CORO1A,CD8-C6-LAYN,0.61 ,17.38 ,5.63E-19,-0.56 ,-0.50 ,0.13 ,-0.10 ,0.25 ,0.95 ,0.48 
79020,C7orf25,CD8-C6-LAYN,0.61 ,15.80 ,4.17E-17,-0.06 ,-0.38 ,0.10 ,-0.35 ,-0.12 ,1.53 ,0.00 
54739,XAF1,CD8-C6-LAYN,0.61 ,22.40 ,5.43E-25,-0.70 ,-0.68 ,-0.51 ,0.35 ,0.59 ,1.38 ,0.51 
10096,ACTR3,CD8-C6-LAYN,0.61 ,22.49 ,4.24E-25,-0.15 ,-1.40 ,0.26 ,-0.71 ,0.36 ,1.42 ,0.14 
5682,PSMA1,CD8-C6-LAYN,0.61 ,17.21 ,9.03E-19,0.31 ,-0.28 ,-0.21 ,-0.48 ,0.31 ,1.48 ,0.23 
4735,2-Sep,CD8-C6-LAYN,0.61 ,14.44 ,1.75E-15,-0.12 ,-0.38 ,-0.39 ,-0.13 ,0.19 ,1.33 ,0.50 
5777,PTPN6,CD8-C6-LAYN,0.61 ,20.76 ,5.01E-23,0.61 ,-0.52 ,0.84 ,-0.12 ,-0.10 ,1.87 ,0.27 
23517,SKIV2L2,CD8-C6-LAYN,0.61 ,20.85 ,3.96E-23,0.26 ,0.01 ,-0.27 ,-0.21 ,0.21 ,1.28 ,-0.44 
9766,SUSD6,CD8-C6-LAYN,0.61 ,12.90 ,1.15E-13,-0.80 ,-0.65 ,-0.18 ,-0.51 ,0.14 ,0.73 ,0.08 
5683,PSMA2,CD8-C6-LAYN,0.61 ,16.15 ,1.62E-17,-0.11 ,-0.46 ,0.05 ,-0.46 ,-0.10 ,1.51 ,-0.09 
11164,NUDT5,CD8-C6-LAYN,0.61 ,20.51 ,1.01E-22,-0.33 ,-0.61 ,-0.30 ,-0.40 ,0.28 ,1.31 ,0.46 
4170,MCL1,CD8-C6-LAYN,0.61 ,18.25 ,5.03E-20,-0.44 ,-0.10 ,-0.72 ,-0.22 ,0.38 ,1.14 ,-0.31 
100287722,AP4B1-AS1,CD8-C6-LAYN,0.61 ,13.21 ,4.97E-14,-0.31 ,-0.03 ,0.07 ,0.03 ,0.58 ,0.93 ,-0.02 
81876,RAB1B,CD8-C6-LAYN,0.61 ,19.16 ,4.21E-21,-0.66 ,-0.09 ,0.44 ,0.10 ,0.59 ,1.56 ,-0.10 
7112,TMPO,CD8-C6-LAYN,0.61 ,18.53 ,2.37E-20,0.40 ,-0.07 ,-0.52 ,-0.37 ,-0.02 ,1.13 ,-0.36 
7171,TPM4,CD8-C6-LAYN,0.61 ,41.16 ,1.90E-47,-1.42 ,-1.54 ,-0.09 ,-0.83 ,0.98 ,1.35 ,-0.23 
10935,PRDX3,CD8-C6-LAYN,0.61 ,26.67 ,4.05E-30,-0.29 ,-0.98 ,-0.43 ,-0.65 ,0.19 ,1.53 ,0.18 
100529209,RNASEK-C17orf49,CD8-C6-LAYN,0.61 ,16.46 ,7.03E-18,-0.58 ,-0.78 ,-0.19 ,-0.29 ,0.28 ,1.06 ,-0.33 
5428,POLG,CD8-C6-LAYN,0.61 ,13.11 ,6.51E-14,-0.19 ,-0.14 ,-0.03 ,-0.12 ,0.35 ,1.08 ,-0.12 
197407,ZNF48,CD8-C6-LAYN,0.61 ,23.25 ,5.22E-26,0.01 ,-0.39 ,-0.43 ,0.11 ,0.44 ,0.95 ,0.41 
10911,UTS2,CD8-C6-LAYN,0.61 ,16.48 ,6.52E-18,-0.56 ,0.05 ,0.44 ,0.23 ,0.15 ,1.46 ,-0.37 
5536,PPP5C,CD8-C6-LAYN,0.61 ,17.68 ,2.45E-19,-0.13 ,-0.24 ,0.20 ,-0.13 ,0.18 ,1.28 ,0.10 
163486,DENND1B,CD8-C6-LAYN,0.61 ,24.40 ,2.19E-27,-0.81 ,-0.42 ,-0.05 ,0.20 ,0.68 ,1.18 ,-0.41 
3799,KIF5B,CD8-C6-LAYN,0.61 ,15.79 ,4.27E-17,-0.42 ,-0.34 ,-0.43 ,-0.03 ,0.11 ,1.46 ,0.18 
51258,MRPL51,CD8-C6-LAYN,0.61 ,16.07 ,1.99E-17,0.00 ,-0.20 ,0.15 ,-0.33 ,0.08 ,1.26 ,-0.21 
4940,OAS3,CD8-C6-LAYN,0.61 ,42.40 ,6.30E-49,-0.42 ,-0.47 ,-0.87 ,0.15 ,0.61 ,1.27 ,0.65 
64766,S100PBP,CD8-C6-LAYN,0.61 ,22.59 ,3.19E-25,-0.31 ,0.17 ,-0.17 ,0.17 ,0.39 ,1.41 ,-0.07 
65125,WNK1,CD8-C6-LAYN,0.61 ,22.46 ,4.65E-25,-0.76 ,-0.30 ,-0.23 ,1.02 ,0.07 ,1.31 ,-0.08 
55505,NOP10,CD8-C6-LAYN,0.61 ,11.84 ,2.01E-12,-0.16 ,-0.81 ,-0.14 ,-0.26 ,-0.06 ,0.72 ,-0.27 
22913,RALY,CD8-C6-LAYN,0.61 ,15.72 ,5.27E-17,-0.16 ,-0.24 ,0.27 ,-0.47 ,0.24 ,1.53 ,0.30 
79718,TBL1XR1,CD8-C6-LAYN,0.61 ,20.54 ,9.19E-23,-0.51 ,-0.22 ,-0.60 ,0.02 ,0.50 ,1.13 ,0.89 
116841,SNAP47,CD8-C6-LAYN,0.61 ,40.27 ,2.17E-46,-0.44 ,-0.47 ,-0.31 ,-0.14 ,0.17 ,1.82 ,0.16 
5763,PTMS,CD8-C6-LAYN,0.61 ,43.20 ,7.07E-50,-0.31 ,-0.14 ,0.25 ,0.09 ,0.66 ,1.33 ,0.23 
143903,LAYN,CD8-C6-LAYN,0.61 ,163.60 ,3.66E-183,-0.31 ,-0.42 ,-0.50 ,-0.50 ,-0.16 ,1.83 ,-0.20 
51232,CRIM1,CD8-C6-LAYN,0.61 ,15.20 ,2.15E-16,-0.33 ,-0.15 ,0.05 ,0.16 ,0.14 ,0.78 ,-0.31 
1192,CLIC1,CD8-C6-LAYN,0.61 ,84.52 ,7.70E-98,-2.75 ,-0.93 ,0.80 ,0.56 ,1.29 ,1.93 ,0.94 
1731,1-Sep,CD8-C6-LAYN,0.61 ,22.17 ,1.04E-24,-0.05 ,-0.40 ,-0.50 ,0.20 ,0.62 ,1.24 ,0.38 
9022,CLIC3,CD8-C6-LAYN,0.61 ,39.20 ,4.04E-45,-0.50 ,0.25 ,1.55 ,0.20 ,1.09 ,2.01 ,0.73 
7322,UBE2D2,CD8-C6-LAYN,0.61 ,14.42 ,1.84E-15,0.10 ,-0.49 ,-0.39 ,-0.27 ,0.06 ,1.19 ,0.37 
3117,HLA-DQA1,CD8-C6-LAYN,0.61 ,53.90 ,1.65E-62,-1.24 ,0.03 ,1.15 ,1.78 ,0.97 ,2.29 ,-0.58 
8743,TNFSF10,CD8-C6-LAYN,0.61 ,43.89 ,1.09E-50,-0.86 ,-0.77 ,-1.33 ,0.01 ,0.42 ,0.54 ,-0.96 
5721,PSME2,CD8-C6-LAYN,0.61 ,21.15 ,1.73E-23,-0.33 ,-0.58 ,-0.01 ,-0.22 ,0.65 ,1.52 ,0.48 
8553,BHLHE40,CD8-C6-LAYN,0.60 ,33.62 ,1.90E-38,-1.21 ,-0.49 ,-0.02 ,-0.50 ,0.71 ,1.30 ,0.21 
3118,HLA-DQA2,CD8-C6-LAYN,0.60 ,42.50 ,4.85E-49,-0.87 ,0.02 ,0.98 ,1.41 ,0.54 ,1.68 ,-0.48 
832,CAPZB,CD8-C6-LAYN,0.60 ,20.01 ,3.97E-22,-0.29 ,-0.45 ,0.31 ,-0.65 ,0.28 ,1.29 ,-0.59 
2969,GTF2I,CD8-C6-LAYN,0.60 ,11.62 ,3.69E-12,0.11 ,0.05 ,-0.11 ,0.04 ,0.39 ,0.91 ,0.09 
3304,HSPA1B,CD8-C6-LAYN,0.60 ,42.90 ,1.59E-49,-0.74 ,-0.58 ,-0.77 ,0.43 ,0.43 ,0.56 ,-0.26 
7415,VCP,CD8-C6-LAYN,0.60 ,15.40 ,1.25E-16,-0.79 ,-0.54 ,-0.12 ,-0.64 ,-0.07 ,1.28 ,0.25 
10010,TANK,CD8-C6-LAYN,0.60 ,34.24 ,3.46E-39,-1.48 ,-0.43 ,-0.77 ,0.37 ,0.61 ,1.29 ,-0.63 
81,ACTN4,CD8-C6-LAYN,0.60 ,32.72 ,2.27E-37,-1.26 ,-0.28 ,0.27 ,0.11 ,1.09 ,1.63 ,0.61 
3069,HDLBP,CD8-C6-LAYN,0.60 ,27.30 ,7.15E-31,-0.27 ,-0.49 ,-0.39 ,-0.31 ,0.37 ,1.43 ,0.08 
25897,RNF19A,CD8-C6-LAYN,0.60 ,30.88 ,3.66E-35,-1.83 ,-0.49 ,-0.44 ,0.69 ,0.36 ,1.22 ,-0.20 
84959,UBASH3B,CD8-C6-LAYN,0.60 ,46.71 ,4.94E-54,0.05 ,-0.29 ,-0.52 ,-0.49 ,-0.16 ,1.09 ,0.29 
79158,GNPTAB,CD8-C6-LAYN,0.60 ,17.70 ,2.30E-19,-0.31 ,-0.32 ,0.88 ,0.01 ,0.81 ,1.46 ,0.18 
1351,COX8A,CD8-C6-LAYN,0.60 ,14.68 ,8.92E-16,-0.69 ,-0.48 ,-0.02 ,-0.10 ,0.12 ,0.90 ,-0.12 
11335,CBX3,CD8-C6-LAYN,0.60 ,8.58 ,1.21E-08,0.13 ,-0.56 ,-0.38 ,-0.29 ,-0.08 ,0.64 ,-0.46 
2633,GBP1,CD8-C6-LAYN,0.60 ,14.29 ,2.61E-15,0.19 ,-0.21 ,-0.26 ,0.05 ,0.42 ,1.42 ,0.37 
2650,GCNT1,CD8-C6-LAYN,0.60 ,41.92 ,2.36E-48,-0.39 ,-0.27 ,-0.28 ,-0.13 ,0.44 ,1.21 ,-0.39 
4245,MGAT1,CD8-C6-LAYN,0.60 ,12.13 ,9.28E-13,-0.23 ,-0.43 ,-0.06 ,-0.28 ,0.29 ,1.23 ,0.75 
9882,TBC1D4,CD8-C6-LAYN,0.60 ,56.71 ,8.35E-66,-0.22 ,-1.03 ,-1.61 ,-1.64 ,-0.94 ,0.30 ,-1.65 
8125,ANP32A,CD8-C6-LAYN,0.60 ,14.80 ,6.48E-16,-0.20 ,-0.05 ,-0.10 ,-0.32 ,0.01 ,1.14 ,-0.35 
7094,TLN1,CD8-C6-LAYN,0.60 ,21.30 ,1.13E-23,-0.83 ,-0.39 ,0.67 ,-0.09 ,0.40 ,1.41 ,0.25 
259230,SGMS1,CD8-C6-LAYN,0.60 ,23.63 ,1.81E-26,-0.02 ,-0.03 ,-0.52 ,0.00 ,0.30 ,1.05 ,0.23 
4678,NASP,CD8-C6-LAYN,0.60 ,25.36 ,1.51E-28,0.21 ,-0.43 ,-0.35 ,-0.43 ,0.27 ,1.65 ,0.30 
3434,IFIT1,CD8-C6-LAYN,0.60 ,16.45 ,7.21E-18,-0.19 ,-0.47 ,-0.30 ,0.34 ,0.04 ,0.72 ,0.09 
3120,HLA-DQB2,CD8-C6-LAYN,0.60 ,35.58 ,8.67E-41,-0.82 ,-0.19 ,-0.03 ,0.81 ,0.31 ,1.14 ,-0.16 
55176,SEC61A2,CD8-C6-LAYN,0.60 ,18.87 ,9.31E-21,-0.21 ,-0.50 ,-0.17 ,-0.40 ,0.24 ,1.07 ,0.13 
10657,KHDRBS1,CD8-C6-LAYN,0.60 ,6.62 ,1.96E-06,-0.34 ,-0.61 ,-0.02 ,-0.04 ,0.00 ,0.77 ,-0.02 
54918,CMTM6,CD8-C6-LAYN,0.60 ,16.07 ,2.02E-17,-0.80 ,-0.88 ,-0.28 ,-0.66 ,-0.18 ,1.16 ,0.30 
401505,TOMM5,CD8-C6-LAYN,0.60 ,14.07 ,4.76E-15,-0.18 ,-0.13 ,-0.20 ,-0.32 ,0.18 ,1.06 ,-0.12 
27161,AGO2,CD8-C6-LAYN,0.60 ,28.73 ,1.37E-32,-0.37 ,-0.37 ,-0.35 ,-0.05 ,0.60 ,0.73 ,0.16 
2923,PDIA3,CD8-C6-LAYN,0.60 ,18.79 ,1.16E-20,-0.73 ,-0.08 ,0.48 ,0.14 ,0.54 ,1.74 ,1.33 
6613,SUMO2,CD8-C6-LAYN,0.60 ,13.16 ,5.66E-14,-0.48 ,-0.45 ,-0.04 ,-0.37 ,0.02 ,1.04 ,-0.04 
23204,ARL6IP1,CD8-C6-LAYN,0.60 ,24.60 ,1.23E-27,-0.58 ,-0.08 ,1.07 ,0.09 ,-0.08 ,1.79 ,0.09 
5714,PSMD8,CD8-C6-LAYN,0.60 ,16.35 ,9.51E-18,-0.69 ,-0.57 ,-0.02 ,-0.44 ,0.07 ,1.38 ,-0.43 
7430,EZR,CD8-C6-LAYN,0.60 ,30.12 ,2.93E-34,-1.57 ,0.03 ,-0.19 ,0.25 ,0.56 ,1.45 ,0.82 
7913,DEK,CD8-C6-LAYN,0.60 ,11.54 ,4.62E-12,-0.03 ,-0.13 ,-0.14 ,0.12 ,0.24 ,1.34 ,0.67 
10109,ARPC2,CD8-C6-LAYN,0.60 ,40.30 ,1.98E-46,-0.59 ,-0.71 ,0.89 ,-0.10 ,0.20 ,1.08 ,0.08 
6772,STAT1,CD8-C6-LAYN,0.60 ,19.17 ,4.04E-21,-0.02 ,-0.77 ,-1.14 ,-0.50 ,0.05 ,0.95 ,0.07 
8140,SLC7A5,CD8-C6-LAYN,0.60 ,55.81 ,9.48E-65,-0.73 ,-0.20 ,-0.40 ,0.26 ,0.97 ,1.33 ,0.77 
3566,IL4R,CD8-C6-LAYN,0.60 ,32.35 ,6.36E-37,0.36 ,-0.64 ,-0.76 ,-0.72 ,0.22 ,0.52 ,-0.39 
58527,ABRACL,CD8-C6-LAYN,0.60 ,23.27 ,4.88E-26,0.39 ,-0.26 ,-0.81 ,-0.79 ,0.31 ,0.98 ,-0.69 
4664,NAB1,CD8-C6-LAYN,0.60 ,53.65 ,3.23E-62,-0.42 ,-0.37 ,-0.39 ,0.05 ,-0.07 ,1.49 ,-0.06 
7037,TFRC,CD8-C6-LAYN,0.60 ,33.02 ,9.88E-38,-0.78 ,-0.83 ,-0.88 ,-0.74 ,0.14 ,0.99 ,-0.46 
171423,PDIA3P1,CD8-C6-LAYN,0.60 ,17.37 ,5.79E-19,-0.51 ,-0.01 ,0.44 ,0.08 ,0.38 ,1.32 ,0.79 
54842,MFSD6,CD8-C6-LAYN,0.60 ,8.33 ,2.34E-08,-0.27 ,-0.55 ,0.04 ,-0.14 ,0.33 ,0.58 ,-0.20 
79895,ATP8B4,CD8-C6-LAYN,0.60 ,104.34 ,4.83E-120,-0.18 ,-0.12 ,-0.12 ,-0.02 ,0.30 ,1.78 ,0.04 
3148,HMGB2,CD8-C6-LAYN,0.60 ,16.75 ,3.13E-18,-1.05 ,0.21 ,-0.36 ,-0.19 ,0.30 ,1.22 ,-0.70 
10018,BCL2L11,CD8-C6-LAYN,0.60 ,21.88 ,2.26E-24,-0.60 ,-0.82 ,0.11 ,-0.18 ,0.32 ,1.24 ,-0.09 
10459,MAD2L2,CD8-C6-LAYN,0.60 ,30.38 ,1.45E-34,-0.30 ,-0.48 ,0.06 ,-0.22 ,0.25 ,1.63 ,-0.12 
1889,ECE1,CD8-C6-LAYN,0.60 ,14.91 ,4.87E-16,0.07 ,-0.35 ,-0.59 ,-0.29 ,-0.04 ,0.59 ,-0.44 
7597,ZBTB25,CD8-C6-LAYN,0.60 ,17.91 ,1.28E-19,0.33 ,0.16 ,-0.45 ,-0.50 ,0.15 ,0.91 ,0.26 
4739,NEDD9,CD8-C6-LAYN,0.60 ,27.94 ,1.21E-31,-0.85 ,-0.73 ,-0.25 ,-0.13 ,0.72 ,1.37 ,0.45 
23062,GGA2,CD8-C6-LAYN,0.60 ,26.26 ,1.26E-29,-0.43 ,0.07 ,-0.15 ,0.92 ,0.63 ,1.58 ,0.18 
5691,PSMB3,CD8-C6-LAYN,0.60 ,16.64 ,4.23E-18,-0.49 ,-0.88 ,-0.13 ,-0.25 ,0.25 ,1.30 ,0.05 
9047,SH2D2A,CD8-C6-LAYN,0.60 ,31.83 ,2.69E-36,-1.60 ,-0.39 ,0.61 ,-0.06 ,0.36 ,1.41 ,0.95 
4709,NDUFB3,CD8-C6-LAYN,0.60 ,11.30 ,8.73E-12,0.25 ,-0.51 ,0.03 ,-0.24 ,0.00 ,0.81 ,-0.13 
509,ATP5C1,CD8-C6-LAYN,0.60 ,12.90 ,1.14E-13,0.22 ,-0.53 ,-0.14 ,-0.23 ,0.22 ,1.39 ,-0.28 
3015,H2AFZ,CD8-C6-LAYN,0.60 ,12.64 ,2.31E-13,0.01 ,-0.33 ,-0.17 ,-0.30 ,0.11 ,1.37 ,-0.22 
283459,GATC,CD8-C6-LAYN,0.60 ,18.28 ,4.74E-20,-0.18 ,-0.51 ,0.50 ,-0.44 ,0.27 ,1.19 ,-0.10 
8763,CD164,CD8-C6-LAYN,0.60 ,10.50 ,7.34E-11,-0.37 ,-0.72 ,0.06 ,-0.22 ,-0.04 ,1.25 ,0.13 
10421,CD2BP2,CD8-C6-LAYN,0.60 ,24.39 ,2.21E-27,-0.28 ,-0.31 ,0.58 ,-0.18 ,-0.15 ,1.68 ,-0.61 
10379,IRF9,CD8-C6-LAYN,0.60 ,11.85 ,1.98E-12,-0.25 ,-0.28 ,-0.11 ,-0.44 ,0.06 ,1.28 ,0.20 
440278,CATSPER2P1,CD8-C6-LAYN,0.60 ,15.85 ,3.72E-17,-0.38 ,-0.02 ,0.39 ,0.08 ,0.39 ,1.31 ,1.00 
129607,CMPK2,CD8-C6-LAYN,0.60 ,26.20 ,1.46E-29,-0.35 ,-0.13 ,-0.33 ,0.41 ,0.20 ,0.73 ,-0.21 
23589,CARHSP1,CD8-C6-LAYN,0.60 ,21.48 ,6.92E-24,-0.08 ,-0.57 ,-0.26 ,-0.09 ,-0.04 ,1.06 ,-0.16 
9559,VPS26A,CD8-C6-LAYN,0.60 ,17.71 ,2.25E-19,-0.53 ,-0.77 ,0.58 ,0.08 ,0.62 ,1.42 ,-0.46 
109,ADCY3,CD8-C6-LAYN,0.60 ,38.80 ,1.23E-44,-0.12 ,-0.23 ,-0.26 ,-0.07 ,0.24 ,1.23 ,-0.19 
1267,CNP,CD8-C6-LAYN,0.60 ,10.63 ,5.22E-11,-0.10 ,-0.03 ,0.02 ,-0.46 ,0.06 ,0.90 ,-0.15 
84250,SLF1,CD8-C6-LAYN,0.60 ,54.78 ,1.51E-63,-0.67 ,-0.06 ,-0.46 ,1.23 ,1.35 ,1.57 ,-0.11 
1173,AP2M1,CD8-C6-LAYN,0.60 ,14.47 ,1.59E-15,0.06 ,-0.46 ,0.04 ,-0.73 ,-0.11 ,1.29 ,-0.42 
84636,GPR174,CD8-C6-LAYN,0.60 ,18.44 ,3.05E-20,-0.18 ,-0.06 ,0.02 ,0.93 ,0.68 ,1.35 ,-0.07 
4728,NDUFS8,CD8-C6-LAYN,0.60 ,14.29 ,2.58E-15,-0.22 ,-0.34 ,0.15 ,-0.29 ,0.12 ,1.26 ,0.30 
7292,TNFSF4,CD8-C6-LAYN,0.60 ,46.06 ,2.94E-53,-0.14 ,-0.04 ,-0.12 ,-0.11 ,0.20 ,1.18 ,-0.03 
10241,CALCOCO2,CD8-C6-LAYN,0.60 ,26.31 ,1.10E-29,-0.57 ,-0.69 ,-0.40 ,-0.38 ,0.90 ,1.33 ,0.14 
56942,CMC2,CD8-C6-LAYN,0.60 ,15.72 ,5.25E-17,-0.41 ,-0.41 ,-0.23 ,0.05 ,0.12 ,0.98 ,0.18 
4489,MT1A,CD8-C6-LAYN,0.60 ,10.34 ,1.13E-10,-0.24 ,-0.07 ,0.38 ,0.25 ,0.31 ,0.96 ,0.25 
5499,PPP1CA,CD8-C6-LAYN,0.60 ,33.18 ,6.39E-38,-0.76 ,-0.74 ,1.00 ,-0.46 ,0.21 ,1.66 ,-0.27 
57231,SNX14,CD8-C6-LAYN,0.60 ,6.52 ,2.52E-06,0.12 ,0.15 ,0.18 ,-0.05 ,0.08 ,0.98 ,-0.20 
375449,MAST4,CD8-C6-LAYN,0.60 ,26.86 ,2.39E-30,-0.39 ,-0.47 ,-0.86 ,-0.93 ,-0.24 ,0.19 ,-0.20 
1460,CSNK2B,CD8-C6-LAYN,0.60 ,14.07 ,4.75E-15,0.08 ,-0.56 ,-0.09 ,-0.40 ,-0.19 ,1.34 ,-0.33 
5768,QSOX1,CD8-C6-LAYN,0.60 ,21.57 ,5.40E-24,-0.20 ,-0.30 ,-0.14 ,-0.13 ,0.08 ,1.06 ,0.27 
292,SLC25A5,CD8-C6-LAYN,0.60 ,16.19 ,1.47E-17,-0.11 ,-0.97 ,-0.19 ,-0.39 ,0.08 ,1.38 ,0.05 
5883,RAD9A,CD8-C6-LAYN,0.60 ,32.51 ,4.01E-37,-0.72 ,-0.62 ,0.78 ,-0.24 ,0.11 ,1.23 ,-0.25 
58496,LY6G5B,CD8-C6-LAYN,0.60 ,14.64 ,1.02E-15,0.03 ,-0.68 ,-0.08 ,-0.40 ,-0.19 ,1.35 ,-0.36 
6310,ATXN1,CD8-C6-LAYN,0.60 ,18.98 ,6.84E-21,-1.04 ,0.38 ,0.02 ,0.53 ,0.22 ,1.17 ,-0.28 
55839,CENPN,CD8-C6-LAYN,0.59 ,26.53 ,6.03E-30,-0.30 ,-0.33 ,-0.22 ,0.12 ,0.00 ,1.05 ,0.02 
51637,RTRAF,CD8-C6-LAYN,0.59 ,15.37 ,1.37E-16,0.27 ,-0.42 ,-0.46 ,-0.02 ,0.13 ,1.21 ,-0.52 
54539,NDUFB11,CD8-C6-LAYN,0.59 ,13.33 ,3.53E-14,-0.16 ,-0.16 ,-0.13 ,-0.64 ,-0.02 ,0.83 ,-0.33 
81611,ANP32E,CD8-C6-LAYN,0.59 ,11.20 ,1.13E-11,-0.02 ,-0.51 ,-0.44 ,-0.63 ,-0.11 ,0.98 ,0.13 
1315,COPB1,CD8-C6-LAYN,0.59 ,9.85 ,4.18E-10,-0.38 ,-0.49 ,-0.07 ,-0.31 ,0.23 ,1.05 ,0.50 
5685,PSMA4,CD8-C6-LAYN,0.59 ,14.16 ,3.70E-15,-0.35 ,-0.50 ,0.13 ,-0.14 ,0.33 ,1.52 ,0.43 
6119,RPA3,CD8-C6-LAYN,0.59 ,10.53 ,6.90E-11,-0.02 ,-0.52 ,-0.08 ,-0.24 ,0.07 ,0.83 ,-0.31 
7531,YWHAE,CD8-C6-LAYN,0.59 ,15.00 ,3.77E-16,-0.51 ,-0.63 ,-0.57 ,-0.37 ,0.18 ,0.88 ,-0.36 
10263,CDK2AP2,CD8-C6-LAYN,0.59 ,26.57 ,5.40E-30,-0.62 ,0.22 ,1.04 ,-0.11 ,0.05 ,1.81 ,0.13 
50619,DEF6,CD8-C6-LAYN,0.59 ,12.41 ,4.36E-13,-0.36 ,-0.29 ,-0.30 ,-0.36 ,0.41 ,1.08 ,-0.33 
6510,SLC1A5,CD8-C6-LAYN,0.59 ,35.11 ,3.17E-40,-0.75 ,-0.52 ,0.07 ,-0.21 ,0.72 ,1.55 ,0.02 
55573,CDV3,CD8-C6-LAYN,0.59 ,17.41 ,5.21E-19,-0.48 ,-0.65 ,-0.24 ,-0.42 ,0.61 ,0.76 ,0.03 
8784,TNFRSF18,CD8-C6-LAYN,0.59 ,78.14 ,1.32E-90,-0.95 ,-1.02 ,-1.15 ,-1.28 ,-0.80 ,0.45 ,-0.77 
85379,KIAA1671,CD8-C6-LAYN,0.59 ,16.06 ,2.06E-17,-0.43 ,-0.14 ,0.36 ,0.33 ,0.70 ,0.97 ,-0.01 
55072,RNF31,CD8-C6-LAYN,0.59 ,11.18 ,1.20E-11,-0.23 ,-0.24 ,-0.04 ,-0.48 ,0.08 ,1.24 ,0.27 
51429,SNX9,CD8-C6-LAYN,0.59 ,82.49 ,1.52E-95,0.06 ,-0.54 ,-1.02 ,-0.95 ,-0.40 ,1.10 ,-0.33 
51529,ANAPC11,CD8-C6-LAYN,0.59 ,13.68 ,1.41E-14,0.03 ,-0.40 ,-0.06 ,-0.05 ,0.29 ,1.06 ,-0.49 
9948,WDR1,CD8-C6-LAYN,0.59 ,15.10 ,2.90E-16,-0.36 ,-0.95 ,0.22 ,-0.43 ,0.32 ,1.27 ,0.28 
4502,MT2A,CD8-C6-LAYN,0.59 ,10.09 ,2.22E-10,-0.25 ,-0.09 ,0.41 ,0.25 ,0.34 ,1.00 ,0.28 
10066,SCAMP2,CD8-C6-LAYN,0.59 ,15.13 ,2.63E-16,-0.29 ,-0.41 ,0.50 ,-0.17 ,-0.20 ,1.44 ,0.09 
9588,PRDX6,CD8-C6-LAYN,0.59 ,19.31 ,2.74E-21,1.21 ,0.39 ,-0.12 ,0.12 ,0.97 ,1.63 ,0.20 
3695,ITGB7,CD8-C6-LAYN,0.59 ,34.00 ,6.81E-39,0.21 ,0.01 ,1.40 ,-0.80 ,0.74 ,1.75 ,0.34 
55148,UBR7,CD8-C6-LAYN,0.59 ,9.81 ,4.66E-10,-0.25 ,-0.31 ,0.06 ,-0.20 ,0.04 ,0.81 ,0.05 
3927,LASP1,CD8-C6-LAYN,0.59 ,14.51 ,1.44E-15,-0.56 ,-0.08 ,0.48 ,-0.29 ,0.47 ,1.34 ,-0.08 
100505681,NAPA-AS1,CD8-C6-LAYN,0.59 ,13.43 ,2.71E-14,-0.06 ,-0.36 ,0.03 ,-0.24 ,0.14 ,1.05 ,0.06 
9746,CLSTN3,CD8-C6-LAYN,0.59 ,15.66 ,6.13E-17,-0.62 ,-0.06 ,0.07 ,0.02 ,0.61 ,0.78 ,0.23 
9398,CD101,CD8-C6-LAYN,0.59 ,30.52 ,1.01E-34,-0.06 ,0.13 ,0.19 ,0.16 ,1.20 ,1.60 ,0.24 
84875,PARP10,CD8-C6-LAYN,0.59 ,10.22 ,1.55E-10,0.11 ,-0.52 ,-0.22 ,0.07 ,0.41 ,0.88 ,0.45 
8683,SRSF9,CD8-C6-LAYN,0.59 ,15.93 ,2.94E-17,-0.16 ,-0.50 ,0.67 ,-0.30 ,0.26 ,1.16 ,-0.25 
55969,C20orf24,CD8-C6-LAYN,0.59 ,11.78 ,2.38E-12,-0.27 ,-0.09 ,0.36 ,0.14 ,0.56 ,1.29 ,-0.13 
81671,VMP1,CD8-C6-LAYN,0.59 ,22.14 ,1.11E-24,-1.24 ,-0.86 ,-0.88 ,-0.12 ,0.19 ,0.90 ,-0.62 
4174,MCM5,CD8-C6-LAYN,0.59 ,27.43 ,4.95E-31,-0.22 ,-0.33 ,-0.08 ,-0.07 ,-0.08 ,1.53 ,-0.49 
2672,GFI1,CD8-C6-LAYN,0.59 ,9.12 ,2.93E-09,-0.54 ,-0.08 ,0.32 ,0.11 ,0.41 ,0.56 ,0.19 
54407,SLC38A2,CD8-C6-LAYN,0.59 ,10.84 ,3.02E-11,0.50 ,0.15 ,-0.04 ,-0.48 ,-0.25 ,1.03 ,-0.37 
3091,HIF1A,CD8-C6-LAYN,0.59 ,25.91 ,3.30E-29,-0.68 ,-0.58 ,-0.87 ,-0.11 ,0.46 ,1.10 ,-0.57 
483,ATP1B3,CD8-C6-LAYN,0.59 ,24.24 ,3.32E-27,-0.98 ,-0.81 ,0.56 ,0.01 ,0.41 ,1.78 ,-0.38 
100527943,TGIF2-C20orf24,CD8-C6-LAYN,0.59 ,10.59 ,5.89E-11,-0.17 ,-0.03 ,0.32 ,0.11 ,0.57 ,1.27 ,-0.06 
4171,MCM2,CD8-C6-LAYN,0.59 ,48.92 ,1.20E-56,-0.10 ,-0.13 ,-0.13 ,-0.10 ,-0.05 ,1.18 ,-0.11 
2109,ETFB,CD8-C6-LAYN,0.59 ,20.84 ,4.09E-23,0.06 ,-0.18 ,-0.22 ,-0.08 ,0.09 ,1.30 ,-0.03 
5690,PSMB2,CD8-C6-LAYN,0.59 ,17.16 ,1.02E-18,-0.52 ,-0.42 ,0.38 ,-0.34 ,0.14 ,1.47 ,0.12 
1435,CSF1,CD8-C6-LAYN,0.59 ,67.57 ,1.87E-78,-0.42 ,-0.44 ,-0.50 ,-0.01 ,0.23 ,1.37 ,-0.09 
382,ARF6,CD8-C6-LAYN,0.59 ,28.88 ,9.22E-33,-1.41 ,-0.49 ,0.29 ,-0.24 ,0.99 ,1.34 ,0.19 
83658,DYNLRB1,CD8-C6-LAYN,0.59 ,13.00 ,8.81E-14,-0.29 ,-0.51 ,-0.31 ,-0.43 ,0.00 ,0.92 ,-0.87 
474338,SUMO1P3,CD8-C6-LAYN,0.59 ,9.80 ,4.79E-10,-0.16 ,-0.53 ,0.04 ,-0.22 ,-0.06 ,0.51 ,-0.13 
811,CALR,CD8-C6-LAYN,0.59 ,17.04 ,1.43E-18,-0.77 ,-0.14 ,0.73 ,-0.01 ,0.47 ,1.41 ,0.19 
5928,RBBP4,CD8-C6-LAYN,0.59 ,9.42 ,1.35E-09,0.17 ,-0.22 ,0.09 ,-0.20 ,-0.25 ,1.17 ,0.42 
29851,ICOS,CD8-C6-LAYN,0.59 ,35.62 ,7.76E-41,-1.00 ,-1.55 ,-1.67 ,-1.15 ,-0.64 ,0.29 ,-1.05 
29999,FSCN3,CD8-C6-LAYN,0.59 ,15.42 ,1.19E-16,-0.56 ,-0.32 ,0.11 ,-0.39 ,0.13 ,1.06 ,0.14 
23190,UBXN4,CD8-C6-LAYN,0.59 ,14.50 ,1.50E-15,-0.13 ,-0.41 ,-0.41 ,-0.03 ,0.50 ,1.26 ,0.21 
5575,PRKAR1B,CD8-C6-LAYN,0.59 ,29.64 ,1.12E-33,0.68 ,-0.29 ,-0.20 ,-0.32 ,0.23 ,0.91 ,0.05 
4670,HNRNPM,CD8-C6-LAYN,0.59 ,11.62 ,3.66E-12,-0.04 ,-0.37 ,0.00 ,-0.43 ,-0.01 ,1.30 ,0.29 
79156,PLEKHF1,CD8-C6-LAYN,0.59 ,44.82 ,8.69E-52,-1.34 ,-0.74 ,1.22 ,-0.02 ,1.10 ,1.77 ,0.75 
3185,HNRNPF,CD8-C6-LAYN,0.59 ,12.31 ,5.66E-13,0.10 ,-0.18 ,0.18 ,-0.54 ,0.01 ,1.34 ,0.87 
9978,RBX1,CD8-C6-LAYN,0.59 ,9.01 ,3.94E-09,0.10 ,-0.34 ,-0.10 ,-0.21 ,-0.06 ,0.80 ,-0.62 
81493,SYNC,CD8-C6-LAYN,0.59 ,8.78 ,7.09E-09,0.03 ,-0.11 ,0.08 ,-0.14 ,-0.23 ,0.95 ,0.40 
5501,PPP1CC,CD8-C6-LAYN,0.59 ,14.56 ,1.26E-15,-0.43 ,-0.40 ,-0.19 ,-0.14 ,0.46 ,1.20 ,0.09 
506,ATP5B,CD8-C6-LAYN,0.59 ,10.79 ,3.39E-11,0.08 ,-0.11 ,0.23 ,-0.25 ,0.11 ,1.30 ,0.92 
405,ARNT,CD8-C6-LAYN,0.59 ,9.72 ,6.05E-10,-0.03 ,-0.33 ,-0.03 ,-0.27 ,0.11 ,0.86 ,-0.07 
8826,IQGAP1,CD8-C6-LAYN,0.59 ,35.90 ,3.62E-41,-1.81 ,-0.62 ,0.49 ,0.51 ,1.14 ,1.65 ,0.31 
100533955,SENP3-EIF4A1,CD8-C6-LAYN,0.59 ,11.86 ,1.92E-12,0.06 ,-0.04 ,-0.06 ,-0.12 ,-0.07 ,1.29 ,1.15 
53944,CSNK1G1,CD8-C6-LAYN,0.59 ,17.07 ,1.31E-18,-0.20 ,-0.25 ,-0.04 ,-0.01 ,0.12 ,1.20 ,0.25 
9446,GSTO1,CD8-C6-LAYN,0.59 ,15.74 ,4.97E-17,-0.09 ,-0.28 ,-0.23 ,-0.57 ,0.05 ,1.15 ,0.29 
10093,ARPC4,CD8-C6-LAYN,0.59 ,25.02 ,3.89E-28,-0.52 ,-0.87 ,0.74 ,-0.52 ,-0.09 ,1.08 ,0.46 
4676,NAP1L4,CD8-C6-LAYN,0.59 ,20.91 ,3.38E-23,0.92 ,0.13 ,-0.59 ,-0.70 ,0.34 ,1.02 ,-0.61 
829,CAPZA1,CD8-C6-LAYN,0.59 ,10.29 ,1.28E-10,-0.61 ,-0.12 ,0.18 ,0.25 ,0.24 ,1.20 ,0.12 
5696,PSMB8,CD8-C6-LAYN,0.59 ,13.08 ,6.94E-14,-0.19 ,-0.43 ,0.49 ,-0.18 ,0.03 ,1.27 ,-0.03 
55790,CSGALNACT1,CD8-C6-LAYN,0.59 ,27.18 ,9.87E-31,-0.24 ,-0.82 ,-0.93 ,-0.64 ,-0.47 ,0.38 ,-0.88 
5605,MAP2K2,CD8-C6-LAYN,0.59 ,6.97 ,7.91E-07,-0.31 ,0.24 ,0.18 ,0.05 ,0.33 ,0.70 ,-0.39 
3665,IRF7,CD8-C6-LAYN,0.59 ,29.39 ,2.26E-33,-0.59 ,-0.87 ,-0.61 ,0.25 ,0.47 ,1.11 ,0.09 
5880,RAC2,CD8-C6-LAYN,0.59 ,16.72 ,3.41E-18,0.07 ,-0.08 ,0.51 ,-0.24 ,0.27 ,1.00 ,-0.04 
3115,HLA-DPB1,CD8-C6-LAYN,0.59 ,104.81 ,1.48E-120,-1.42 ,0.85 ,2.40 ,2.42 ,1.12 ,2.62 ,-0.59 
9454,HOMER3,CD8-C6-LAYN,0.59 ,12.18 ,8.22E-13,-0.55 ,-0.30 ,0.03 ,-0.05 ,0.05 ,1.16 ,0.33 
50515,CHST11,CD8-C6-LAYN,0.59 ,12.04 ,1.18E-12,-0.50 ,-0.25 ,-0.04 ,0.06 ,0.41 ,0.79 ,-0.23 
2023,ENO1,CD8-C6-LAYN,0.59 ,15.21 ,2.10E-16,0.29 ,-0.63 ,-0.28 ,-0.75 ,0.14 ,0.95 ,0.46 
79095,C9orf16,CD8-C6-LAYN,0.59 ,13.65 ,1.50E-14,-0.20 ,-0.34 ,0.08 ,-0.69 ,-0.15 ,0.79 ,-0.07 
81619,TSPAN14,CD8-C6-LAYN,0.59 ,9.52 ,1.02E-09,-0.29 ,-0.11 ,-0.09 ,-0.39 ,0.41 ,1.02 ,-0.44 
3820,KLRB1,CD8-C7-SLC4A10,0.85 ,80.81 ,1.22E-93,-1.45 ,-0.10 ,-0.40 ,-0.93 ,-0.25 ,0.26 ,5.38 
57282,SLC4A10,CD8-C7-SLC4A10,0.78 ,316.41 ,0.00E+00,-0.18 ,0.29 ,-0.28 ,-0.20 ,-0.03 ,-0.18 ,4.74 
259197,NCR3,CD8-C7-SLC4A10,0.77 ,42.14 ,1.30E-48,0.11 ,-0.03 ,0.38 ,-0.50 ,0.23 ,0.27 ,3.38 
7940,LST1,CD8-C7-SLC4A10,0.75 ,49.77 ,1.21E-57,-0.03 ,-0.13 ,-0.16 ,-0.46 ,0.05 ,-0.09 ,2.05 
4050,LTB,CD8-C7-SLC4A10,0.75 ,154.32 ,1.35E-173,0.92 ,-0.57 ,-3.33 ,-2.94 ,-0.50 ,-2.59 ,1.52 
1235,CCR6,CD8-C7-SLC4A10,0.74 ,39.97 ,5.00E-46,-1.03 ,-1.18 ,-1.55 ,-1.01 ,-0.76 ,-1.06 ,2.04 
1803,DPP4,CD8-C7-SLC4A10,0.73 ,110.39 ,1.12E-126,-0.14 ,0.03 ,-1.52 ,-1.07 ,0.94 ,-0.58 ,2.36 
9806,SPOCK2,CD8-C7-SLC4A10,0.72 ,23.03 ,9.56E-26,-0.02 ,-0.46 ,-0.97 ,-1.70 ,-0.23 ,-1.00 ,1.84 
6504,SLAMF1,CD8-C7-SLC4A10,0.71 ,59.73 ,2.37E-69,-1.45 ,-0.46 ,-2.00 ,-1.84 ,0.12 ,-0.29 ,2.11 
120425,JAML,CD8-C7-SLC4A10,0.71 ,312.97 ,0.00E+00,0.71 ,0.28 ,-2.72 ,0.67 ,3.04 ,2.93 ,3.46 
1843,DUSP1,CD8-C7-SLC4A10,0.70 ,32.97 ,1.15E-37,-1.33 ,1.15 ,-0.61 ,0.51 ,0.65 ,-0.49 ,2.88 
6095,RORA,CD8-C7-SLC4A10,0.69 ,33.75 ,1.34E-38,-0.56 ,0.17 ,-0.02 ,-1.88 ,-0.50 ,-1.50 ,1.80 
8718,TNFRSF25,CD8-C7-SLC4A10,0.69 ,89.74 ,1.01E-103,0.48 ,-0.98 ,-2.32 ,-2.59 ,-0.99 ,-0.90 ,0.71 
1512,CTSH,CD8-C7-SLC4A10,0.68 ,32.89 ,1.43E-37,-0.73 ,-0.74 ,-0.51 ,-0.65 ,0.24 ,0.04 ,1.69 
2081,ERN1,CD8-C7-SLC4A10,0.67 ,22.32 ,6.89E-25,-0.57 ,1.02 ,-0.33 ,0.24 ,-0.01 ,-0.57 ,1.58 
3459,IFNGR1,CD8-C7-SLC4A10,0.67 ,25.97 ,2.76E-29,-0.69 ,0.92 ,-0.14 ,0.86 ,-0.01 ,-0.80 ,2.50 
4094,MAF,CD8-C7-SLC4A10,0.67 ,18.17 ,6.32E-20,-1.55 ,-0.87 ,-0.70 ,-0.56 ,-1.30 ,-0.61 ,0.66 
8807,IL18RAP,CD8-C7-SLC4A10,0.67 ,56.70 ,8.39E-66,-0.55 ,-0.06 ,-0.23 ,-0.35 ,1.13 ,1.06 ,2.35 
196264,MPZL3,CD8-C7-SLC4A10,0.67 ,35.31 ,1.83E-40,-0.27 ,0.27 ,-0.75 ,0.17 ,0.35 ,-0.04 ,0.81 
7704,ZBTB16,CD8-C7-SLC4A10,0.66 ,71.40 ,7.19E-83,-0.11 ,0.00 ,-0.54 ,-0.37 ,-0.20 ,-0.38 ,2.51 
57489,ODF2L,CD8-C7-SLC4A10,0.66 ,9.82 ,4.59E-10,-0.16 ,0.15 ,-0.55 ,-0.78 ,-0.07 ,-0.29 ,1.49 
149233,IL23R,CD8-C7-SLC4A10,0.66 ,68.29 ,2.74E-79,-0.24 ,-0.14 ,-0.23 ,-0.21 ,0.03 ,-0.13 ,1.85 
959,CD40LG,CD8-C7-SLC4A10,0.66 ,41.66 ,4.76E-48,-1.68 ,-1.89 ,-2.23 ,-2.01 ,-1.97 ,-2.08 ,-0.13 
3248,HPGD,CD8-C7-SLC4A10,0.66 ,16.49 ,6.39E-18,-0.33 ,-0.14 ,-0.14 ,-0.65 ,0.03 ,0.05 ,1.40 
64065,PERP,CD8-C7-SLC4A10,0.66 ,28.01 ,9.94E-32,-0.69 ,-0.24 ,-0.41 ,0.09 ,0.71 ,-0.01 ,0.82 
7128,TNFAIP3,CD8-C7-SLC4A10,0.65 ,70.81 ,3.48E-82,-1.13 ,-0.72 ,-1.95 ,0.39 ,0.68 ,0.97 ,1.60 
9749,PHACTR2,CD8-C7-SLC4A10,0.65 ,15.75 ,4.86E-17,-0.96 ,0.06 ,-0.89 ,-0.41 ,-0.87 ,-0.39 ,0.78 
25816,TNFAIP8,CD8-C7-SLC4A10,0.65 ,13.49 ,2.33E-14,0.13 ,-0.51 ,-0.99 ,-0.47 ,-0.42 ,-1.39 ,1.39 
8292,COLQ,CD8-C7-SLC4A10,0.65 ,41.03 ,2.72E-47,-0.07 ,0.20 ,-0.05 ,-0.11 ,-0.18 ,-0.17 ,1.83 
5243,ABCB1,CD8-C7-SLC4A10,0.65 ,40.23 ,2.44E-46,0.42 ,0.11 ,-0.13 ,0.18 ,0.91 ,1.58 ,2.35 
259307,IL4I1,CD8-C7-SLC4A10,0.65 ,16.07 ,2.04E-17,-0.24 ,-0.31 ,-0.30 ,-0.58 ,-0.29 ,-0.03 ,1.55 
29909,GPR171,CD8-C7-SLC4A10,0.65 ,65.01 ,1.71E-75,-0.29 ,0.93 ,-0.78 ,0.82 ,2.00 ,2.20 ,2.57 
27250,PDCD4,CD8-C7-SLC4A10,0.65 ,45.70 ,7.86E-53,0.28 ,0.56 ,-0.81 ,1.49 ,1.02 ,-0.35 ,1.74 
6097,RORC,CD8-C7-SLC4A10,0.64 ,64.36 ,9.45E-75,-0.31 ,-0.08 ,-0.33 ,-0.28 ,-0.15 ,-0.10 ,1.64 
22807,IKZF2,CD8-C7-SLC4A10,0.64 ,23.16 ,6.59E-26,-0.52 ,-0.69 ,-0.27 ,-0.62 ,-0.70 ,0.02 ,1.14 
643733,LOC643733,CD8-C7-SLC4A10,0.64 ,29.46 ,1.84E-33,-0.90 ,0.10 ,-0.21 ,1.16 ,0.50 ,0.28 ,1.77 
84766,CRACR2A,CD8-C7-SLC4A10,0.64 ,10.21 ,1.62E-10,-0.11 ,-0.10 ,-0.02 ,-0.21 ,0.31 ,0.48 ,1.13 
64764,CREB3L2,CD8-C7-SLC4A10,0.64 ,10.36 ,1.08E-10,-0.78 ,-0.29 ,-0.37 ,-0.56 ,0.05 ,0.06 ,0.75 
5305,PIP4K2A,CD8-C7-SLC4A10,0.64 ,24.11 ,4.81E-27,-0.35 ,1.25 ,1.55 ,1.32 ,0.41 ,0.31 ,2.32 
64115,VSIR,CD8-C7-SLC4A10,0.64 ,17.29 ,7.05E-19,0.19 ,-0.26 ,-0.13 ,-1.15 ,-0.78 ,-1.60 ,1.14 
360,AQP3,CD8-C7-SLC4A10,0.64 ,49.03 ,8.87E-57,0.13 ,-0.55 ,-1.49 ,-1.46 ,-0.67 ,-1.10 ,1.32 
8038,ADAM12,CD8-C7-SLC4A10,0.64 ,48.70 ,2.17E-56,-0.30 ,-0.26 ,-0.36 ,-0.39 ,-0.27 ,-0.30 ,0.92 
100507423,MKNK1-AS1,CD8-C7-SLC4A10,0.64 ,8.37 ,2.11E-08,-0.10 ,-0.06 ,-0.06 ,-0.27 ,0.20 ,0.14 ,0.82 
6275,S100A4,CD8-C7-SLC4A10,0.64 ,184.25 ,4.06E-204,-1.61 ,-0.04 ,0.83 ,-2.57 ,0.39 ,-0.38 ,0.83 
55636,CHD7,CD8-C7-SLC4A10,0.64 ,27.23 ,8.61E-31,0.37 ,-0.23 ,-0.57 ,-0.54 ,0.15 ,-0.44 ,1.17 
115362,GBP5,CD8-C7-SLC4A10,0.64 ,18.34 ,3.92E-20,-1.36 ,0.24 ,0.12 ,-0.27 ,0.14 ,1.15 ,1.76 
254531,LPCAT4,CD8-C7-SLC4A10,0.63 ,8.27 ,2.77E-08,-0.30 ,-0.20 ,-0.14 ,-0.05 ,0.10 ,0.29 ,0.76 
2004,ELK3,CD8-C7-SLC4A10,0.63 ,6.05 ,8.31E-06,-0.56 ,-0.39 ,-0.77 ,-0.84 ,-0.51 ,-0.64 ,0.30 
7067,THRA,CD8-C7-SLC4A10,0.63 ,17.98 ,1.08E-19,0.11 ,0.06 ,0.09 ,-0.39 ,-0.15 ,-0.25 ,0.94 
55568,GALNT10,CD8-C7-SLC4A10,0.63 ,6.84 ,1.12E-06,-0.52 ,-0.09 ,0.07 ,-0.14 ,0.06 ,0.00 ,1.01 
154141,MBOAT1,CD8-C7-SLC4A10,0.63 ,25.24 ,2.12E-28,-0.91 ,0.03 ,-1.11 ,0.04 ,-0.27 ,-0.64 ,0.64 
1052,CEBPD,CD8-C7-SLC4A10,0.63 ,25.57 ,8.39E-29,-0.19 ,-0.08 ,-0.10 ,0.00 ,0.14 ,0.29 ,1.25 
29927,SEC61A1,CD8-C7-SLC4A10,0.63 ,6.09 ,7.41E-06,-0.39 ,0.13 ,0.16 ,-0.08 ,-0.05 ,0.48 ,1.62 
3595,IL12RB2,CD8-C7-SLC4A10,0.63 ,20.55 ,8.97E-23,-0.39 ,-0.43 ,-0.53 ,-0.46 ,-0.09 ,-0.49 ,0.51 
126259,TMIGD2,CD8-C7-SLC4A10,0.63 ,79.94 ,1.17E-92,0.79 ,-0.27 ,-0.45 ,-0.55 ,0.13 ,0.72 ,2.83 
3936,LCP1,CD8-C7-SLC4A10,0.62 ,31.07 ,2.18E-35,-1.15 ,0.36 ,0.77 ,0.78 ,0.86 ,0.88 ,1.31 
23384,SPECC1L,CD8-C7-SLC4A10,0.62 ,14.70 ,8.50E-16,0.41 ,-0.25 ,-0.58 ,-0.20 ,0.03 ,0.83 ,0.92 
100507246,SNHG16,CD8-C7-SLC4A10,0.62 ,13.41 ,2.89E-14,0.85 ,0.66 ,-0.02 ,-0.11 ,-0.25 ,-0.40 ,0.99 
8569,MKNK1,CD8-C7-SLC4A10,0.62 ,13.10 ,6.69E-14,-0.38 ,-0.36 ,-0.21 ,-0.52 ,0.49 ,0.24 ,1.09 
5187,PER1,CD8-C7-SLC4A10,0.62 ,7.51 ,1.98E-07,-0.38 ,0.25 ,-0.32 ,-0.34 ,-0.23 ,-0.16 ,0.76 
54541,DDIT4,CD8-C7-SLC4A10,0.62 ,45.49 ,1.37E-52,-0.73 ,-2.29 ,-0.78 ,-1.28 ,0.80 ,1.10 ,1.25 
57326,PBXIP1,CD8-C7-SLC4A10,0.62 ,16.06 ,2.06E-17,-0.34 ,-0.25 ,-1.45 ,-1.26 ,-0.93 ,-2.04 ,0.46 
7805,LAPTM5,CD8-C7-SLC4A10,0.62 ,7.99 ,5.76E-08,-0.39 ,-0.37 ,0.06 ,-0.09 ,0.34 ,0.36 ,0.97 
79712,GTDC1,CD8-C7-SLC4A10,0.62 ,8.78 ,7.08E-09,-0.37 ,0.22 ,0.14 ,0.59 ,0.54 ,0.74 ,0.92 
9404,LPXN,CD8-C7-SLC4A10,0.62 ,16.84 ,2.47E-18,-0.47 ,-0.26 ,-0.51 ,-0.46 ,0.40 ,1.10 ,1.53 
4792,NFKBIA,CD8-C7-SLC4A10,0.62 ,19.86 ,5.94E-22,-0.83 ,-0.39 ,-1.27 ,-1.03 ,0.35 ,-0.22 ,0.89 
92482,BBIP1,CD8-C7-SLC4A10,0.62 ,28.83 ,1.05E-32,0.59 ,0.24 ,-0.71 ,0.88 ,0.44 ,-0.43 ,1.26 
4644,MYO5A,CD8-C7-SLC4A10,0.62 ,6.13 ,6.82E-06,-0.69 ,-0.01 ,-0.31 ,-0.28 ,0.06 ,-0.01 ,0.86 
90701,SEC11C,CD8-C7-SLC4A10,0.62 ,8.58 ,1.22E-08,-0.67 ,-0.19 ,-0.04 ,-0.43 ,-0.01 ,0.59 ,1.02 
57121,LPAR5,CD8-C7-SLC4A10,0.62 ,4.48 ,3.84E-04,-0.01 ,-0.12 ,0.26 ,0.08 ,0.25 ,0.28 ,0.88 
100500842,MIR3652,CD8-C7-SLC4A10,0.61 ,11.95 ,1.52E-12,-0.08 ,0.45 ,0.36 ,-0.29 ,0.16 ,0.79 ,1.28 
677,ZFP36L1,CD8-C7-SLC4A10,0.61 ,20.26 ,2.01E-22,-0.72 ,-0.65 ,-0.53 ,-0.77 ,0.27 ,0.67 ,0.87 
5916,RARG,CD8-C7-SLC4A10,0.61 ,14.27 ,2.74E-15,0.03 ,-0.04 ,-0.06 ,-0.31 ,-0.19 ,-0.21 ,0.80 
3021,H3F3B,CD8-C7-SLC4A10,0.61 ,14.70 ,8.63E-16,-0.86 ,-0.45 ,0.18 ,0.10 ,-0.01 ,0.51 ,0.84 
26061,HACL1,CD8-C7-SLC4A10,0.61 ,4.93 ,1.30E-04,-0.21 ,0.18 ,-0.05 ,-0.18 ,-0.01 ,-0.10 ,1.30 
9685,CLINT1,CD8-C7-SLC4A10,0.61 ,2.62 ,2.61E-02,-0.20 ,0.39 ,-0.07 ,-0.11 ,0.07 ,0.08 ,1.02 
9572,NR1D1,CD8-C7-SLC4A10,0.61 ,17.57 ,3.34E-19,0.04 ,-0.03 ,-0.08 ,-0.33 ,-0.18 ,-0.26 ,1.25 
10449,ACAA2,CD8-C7-SLC4A10,0.61 ,17.48 ,4.21E-19,-0.52 ,0.05 ,0.69 ,-0.62 ,0.07 ,0.79 ,1.43 
9397,NMT2,CD8-C7-SLC4A10,0.61 ,7.30 ,3.45E-07,0.14 ,-0.19 ,-0.37 ,-0.43 ,0.09 ,-0.15 ,0.88 
10397,NDRG1,CD8-C7-SLC4A10,0.61 ,7.18 ,4.65E-07,-0.70 ,0.01 ,-0.04 ,-0.54 ,-0.10 ,-0.52 ,0.70 
58505,OSTC,CD8-C7-SLC4A10,0.61 ,7.55 ,1.78E-07,0.25 ,0.05 ,-0.15 ,-0.29 ,0.14 ,0.83 ,1.07 
7798,LUZP1,CD8-C7-SLC4A10,0.61 ,6.19 ,5.75E-06,-0.69 ,-0.13 ,-0.34 ,-0.46 ,-0.10 ,-0.07 ,0.76 
9931,HELZ,CD8-C7-SLC4A10,0.61 ,6.21 ,5.55E-06,-0.74 ,0.13 ,-0.01 ,0.14 ,0.31 ,0.45 ,1.36 
6916,TBXAS1,CD8-C7-SLC4A10,0.61 ,13.11 ,6.45E-14,-0.37 ,-0.45 ,-0.40 ,-0.53 ,-0.15 ,-0.30 ,0.56 
54843,SYTL2,CD8-C7-SLC4A10,0.60 ,14.35 ,2.22E-15,-0.59 ,0.72 ,0.82 ,0.64 ,1.09 ,1.45 ,2.05 
8562,DENR,CD8-C7-SLC4A10,0.60 ,5.83 ,1.43E-05,0.01 ,0.00 ,-0.07 ,-0.44 ,-0.01 ,0.57 ,0.75 
7184,HSP90B1,CD8-C7-SLC4A10,0.60 ,12.31 ,5.66E-13,-0.09 ,0.83 ,0.70 ,-0.32 ,0.40 ,1.21 ,1.79 
8477,GPR65,CD8-C7-SLC4A10,0.60 ,47.17 ,1.42E-54,-0.54 ,0.75 ,1.91 ,-0.07 ,-0.14 ,0.13 ,1.93 
100616113,MIR4680,CD8-C7-SLC4A10,0.60 ,26.23 ,1.35E-29,-0.07 ,0.32 ,-0.42 ,0.96 ,0.77 ,-0.13 ,1.08 
962,CD48,CD8-C7-SLC4A10,0.60 ,4.92 ,1.35E-04,0.22 ,-0.78 ,0.37 ,0.17 ,0.40 ,-0.07 ,1.40 
596,BCL2,CD8-C7-SLC4A10,0.60 ,22.98 ,1.10E-25,0.12 ,-0.44 ,-0.79 ,-0.71 ,0.22 ,-0.17 ,0.58 
114883,OSBPL9,CD8-C7-SLC4A10,0.60 ,4.20 ,7.54E-04,0.26 ,0.20 ,0.03 ,-0.22 ,-0.12 ,0.29 ,0.93 
27436,EML4,CD8-C7-SLC4A10,0.60 ,36.93 ,2.12E-42,-0.94 ,-0.10 ,-1.22 ,0.09 ,0.68 ,-0.78 ,0.78 
23129,PLXND1,CD8-C7-SLC4A10,0.60 ,12.25 ,6.81E-13,-0.20 ,0.11 ,0.17 ,-0.03 ,-0.06 ,-0.12 ,1.05 
468,ATF4,CD8-C7-SLC4A10,0.60 ,8.38 ,2.08E-08,-0.57 ,-0.28 ,-0.38 ,-0.19 ,0.22 ,0.62 ,0.86 
64781,CERK,CD8-C7-SLC4A10,0.60 ,10.25 ,1.43E-10,-0.32 ,0.20 ,-0.18 ,-0.77 ,-0.35 ,-0.40 ,1.12 
79991,STN1,CD8-C7-SLC4A10,0.60 ,12.67 ,2.16E-13,0.13 ,-0.47 ,-0.37 ,-0.87 ,0.35 ,-0.20 ,0.77 
65095,KRI1,CD8-C7-SLC4A10,0.59 ,9.04 ,3.66E-09,0.75 ,0.01 ,0.28 ,-0.41 ,-0.04 ,0.44 ,1.06 
8178,ELL,CD8-C7-SLC4A10,0.59 ,7.90 ,7.20E-08,-0.27 ,0.15 ,-0.07 ,-0.08 ,0.36 ,-0.03 ,0.99 
6867,TACC1,CD8-C7-SLC4A10,0.59 ,10.34 ,1.13E-10,-0.77 ,-0.28 ,-0.08 ,0.26 ,0.48 ,0.69 ,0.78 
10938,EHD1,CD8-C7-SLC4A10,0.59 ,12.43 ,4.07E-13,-0.45 ,1.00 ,0.75 ,-0.25 ,-0.03 ,-0.16 ,1.38 
54149,C21orf91,CD8-C7-SLC4A10,0.59 ,6.34 ,4.00E-06,-0.48 ,0.04 ,-0.02 ,-0.11 ,0.17 ,0.58 ,0.93 
92799,SHKBP1,CD8-C7-SLC4A10,0.59 ,6.77 ,1.35E-06,-0.37 ,-0.41 ,0.21 ,-0.44 ,0.02 ,0.60 ,0.92 
10318,TNIP1,CD8-C7-SLC4A10,0.59 ,5.73 ,1.86E-05,-0.65 ,-0.54 ,-0.46 ,-0.08 ,-0.16 ,0.03 ,0.48 
116986,AGAP2,CD8-C7-SLC4A10,0.59 ,4.66 ,2.53E-04,-0.01 ,-0.52 ,0.06 ,-0.11 ,0.21 ,0.23 ,0.79 
26578,OSTF1,CD8-C7-SLC4A10,0.59 ,17.85 ,1.53E-19,-0.91 ,-0.91 ,0.49 ,-0.19 ,0.88 ,0.76 ,1.34 
54900,LAX1,CD8-C7-SLC4A10,0.59 ,3.54 ,3.47E-03,-0.38 ,-0.21 ,0.02 ,0.06 ,-0.07 ,0.23 ,0.88 
2745,GLRX,CD8-C7-SLC4A10,0.59 ,16.59 ,4.94E-18,-0.02 ,-0.37 ,0.08 ,-1.33 ,-0.75 ,0.00 ,0.13 
23344,ESYT1,CD8-C7-SLC4A10,0.59 ,14.59 ,1.16E-15,0.50 ,0.13 ,0.01 ,-0.86 ,0.03 ,1.01 ,1.12 